01,001,+3.39,03.37
01,002,+1.23,02.36
01,003,+3.46,00.62
01,004,-2.69,-0.48
02,00000,004,-75.22,26.25
02,00000,003,-33.18,62.38
02,00000,002,-28.86,02.62
02,00000,001,+24.31,32.06
06,00001,+4.00,-2.69,-0.48,00.00,00.00,00.00,00.00,00.00,05.00
06,00001,+3.00,03.46,00.62,00.00,00.00,00.00,00.00,00.00,05.00
06,00001,+2.00,01.23,02.36,00.00,00.00,00.00,00.00,00.00,05.00
06,00001,+1.00,03.39,03.37,00.00,00.00,00.00,00.00,00.00,05.00
06,00001,+4.00,-2.69,-0.48,00.00,00.00,00.00,00.00,00.00,05.00
06,00001,+3.00,03.46,00.62,00.00,00.00,00.00,00.00,00.00,05.00
06,00001,+2.00,01.23,02.36,00.00,00.00,00.00,00.00,00.00,05.00
06,00001,+1.00,03.39,03.37,00.00,00.00,00.00,00.00,00.00,05.00
06,00002,+4.00,-2.69,-0.48,00.02,00.00,00.00,00.00,00.00,05.00
06,00002,+3.00,03.46,00.62,00.02,00.00,00.00,00.00,00.00,05.00
06,00002,+2.00,01.23,02.36,00.02,00.00,00.00,00.00,00.00,05.00
06,00002,+1.00,03.39,03.37,00.02,00.00,00.00,00.00,00.00,05.00
06,00002,+4.00,-2.69,-0.48,00.14,00.00,00.00,00.00,00.00,05.00
06,00002,+3.00,03.46,00.62,00.14,00.00,00.00,00.00,00.00,05.00
06,00002,+2.00,01.23,02.36,00.14,00.00,00.00,00.00,00.00,05.00
06,00002,+1.00,03.39,03.37,00.14,00.00,00.00,00.00,00.00,05.00
06,00003,+4.00,-2.69,-0.48,00.42,00.00,00.00,00.00,00.00,05.00
06,00003,+3.00,03.46,00.62,00.42,00.00,00.00,00.00,00.00,05.00
06,00003,+2.00,01.23,02.36,00.42,00.00,00.00,00.00,00.00,05.00
06,00003,+1.00,03.39,03.37,00.42,00.00,00.00,00.00,00.00,05.00
06,00003,+4.00,-2.69,-0.48,00.85,00.00,00.00,00.00,00.00,05.00
06,00003,+3.00,03.46,00.62,00.85,00.00,00.00,00.00,00.00,05.00
06,00003,+2.00,01.23,02.36,00.85,00.00,00.00,00.00,00.00,05.00
06,00003,+1.00,03.39,03.37,00.85,00.00,00.00,00.00,00.00,05.00
06,00004,+4.00,-2.69,-0.48,01.42,00.00,00.00,00.00,00.00,05.00
06,00004,+3.00,03.46,00.62,01.42,00.00,00.00,00.00,00.00,05.00
06,00004,+2.00,01.23,02.36,01.42,00.00,00.00,00.00,00.00,05.00
06,00004,+1.00,03.39,03.37,01.42,00.00,00.00,00.00,00.00,05.00
06,00004,+4.00,-2.69,-0.48,02.07,00.00,00.00,00.00,00.00,05.00
06,00004,+3.00,03.46,00.62,02.07,00.00,00.00,00.00,00.00,05.00
06,00004,+2.00,01.23,02.36,02.07,00.00,00.00,00.00,00.00,05.00
06,00004,+1.00,03.39,03.37,02.07,00.00,00.00,00.00,00.00,05.00
06,00005,+4.00,-2.69,-0.48,02.75,00.00,00.00,00.00,00.00,05.00
06,00005,+3.00,03.46,00.62,02.75,00.00,00.00,00.00,00.00,05.00
06,00005,+2.00,01.23,02.36,02.75,00.00,00.00,00.00,00.00,05.00
06,00005,+1.00,03.39,03.37,02.75,00.00,00.00,00.00,00.00,05.00
06,00005,+4.00,-2.69,-0.48,03.41,00.00,00.00,00.00,00.00,05.00
06,00005,+3.00,03.46,00.62,03.41,00.00,00.00,00.00,00.00,05.00
06,00005,+2.00,01.23,02.36,03.41,00.00,00.00,00.00,00.00,05.00
06,00005,+1.00,03.39,03.37,03.41,00.00,00.00,00.00,00.00,05.00
06,00006,+4.00,-2.69,-0.48,04.03,00.00,00.00,00.00,00.00,05.00
06,00006,+3.00,03.46,00.62,04.03,00.00,00.00,00.00,00.00,05.00
06,00006,+2.00,01.23,02.36,04.03,00.00,00.00,00.00,00.00,05.00
06,00006,+1.00,03.39,03.37,04.03,00.00,00.00,00.00,00.00,05.00
06,00006,+4.00,-2.69,-0.48,04.59,00.00,00.00,00.00,00.00,05.00
06,00006,+3.00,03.46,00.62,04.59,00.00,00.00,00.00,00.00,05.00
06,00006,+2.00,01.23,02.36,04.59,00.00,00.00,00.00,00.00,05.00
06,00006,+1.00,03.39,03.37,04.59,00.00,00.00,00.00,00.00,05.00
06,00007,+4.00,-2.69,-0.48,05.10,00.00,00.00,00.00,00.00,05.00
06,00007,+3.00,03.46,00.62,05.10,00.00,00.00,00.00,00.00,05.00
06,00007,+2.00,01.23,02.36,05.10,00.00,00.00,00.00,00.00,05.00
06,00007,+1.00,03.39,03.37,05.10,00.00,00.00,00.00,00.00,05.00
06,00007,+4.00,-2.69,-0.48,05.56,00.00,00.00,00.00,00.00,05.00
06,00007,+3.00,03.46,00.62,05.56,00.00,00.00,00.00,00.00,05.00
06,00007,+2.00,01.23,02.36,05.56,00.00,00.00,00.00,00.00,05.00
06,00007,+1.00,03.39,03.37,05.56,00.00,00.00,00.00,00.00,05.00
06,00008,+4.00,-2.69,-0.48,06.00,00.00,00.00,00.00,00.00,05.00
06,00008,+3.00,03.46,00.62,06.00,00.00,00.00,00.00,00.00,05.00
06,00008,+2.00,01.23,02.36,06.00,00.00,00.00,00.00,00.00,05.00
06,00008,+1.00,03.39,03.37,06.00,00.00,00.00,00.00,00.00,05.00
06,00008,+4.00,-2.69,-0.48,06.43,00.00,00.00,00.00,00.00,05.00
06,00008,+3.00,03.46,00.62,06.43,00.00,00.00,00.00,00.00,05.00
06,00008,+2.00,01.23,02.36,06.43,00.00,00.00,00.00,00.00,05.00
06,00008,+1.00,03.39,03.37,06.43,00.00,00.00,00.00,00.00,05.00
06,00009,+4.00,-2.69,-0.48,06.88,00.00,00.00,00.00,00.00,05.00
06,00009,+3.00,03.46,00.62,06.88,00.00,00.00,00.00,00.00,05.00
06,00009,+2.00,01.23,02.36,06.88,00.00,00.00,00.00,00.00,05.00
06,00009,+1.00,03.39,03.37,06.88,00.00,00.00,00.00,00.00,05.00
06,00009,+4.00,-2.69,-0.48,07.34,00.00,00.00,00.00,00.00,05.00
06,00009,+3.00,03.46,00.62,07.34,00.00,00.00,00.00,00.00,05.00
06,00009,+2.00,01.23,02.36,07.34,00.00,00.00,00.00,00.00,05.00
06,00009,+1.00,03.39,03.37,07.34,00.00,00.00,00.00,00.00,05.00
06,00010,+4.00,-2.69,-0.48,07.83,00.00,00.00,00.00,00.00,05.00
06,00010,+3.00,03.46,00.62,07.83,00.00,00.00,00.00,00.00,05.00
06,00010,+2.00,01.23,02.36,07.83,00.00,00.00,00.00,00.00,05.00
06,00010,+1.00,03.39,03.37,07.83,00.00,00.00,00.00,00.00,05.00
06,00010,+4.00,-2.69,-0.48,08.33,00.00,00.00,00.00,00.00,05.00
06,00010,+3.00,03.46,00.62,08.33,00.00,00.00,00.00,00.00,05.00
06,00010,+2.00,01.23,02.36,08.33,00.00,00.00,00.00,00.00,05.00
06,00010,+1.00,03.39,03.37,08.33,00.00,00.00,00.00,00.00,05.00
06,00011,+4.00,-2.69,-0.48,08.85,00.00,00.00,00.00,00.00,05.00
06,00011,+3.00,03.46,00.62,08.85,00.00,00.00,00.00,00.00,05.00
06,00011,+2.00,01.23,02.36,08.85,00.00,00.00,00.00,00.00,05.00
06,00011,+1.00,03.39,03.37,08.85,00.00,00.00,00.00,00.00,05.00
06,00011,+4.00,-2.69,-0.48,09.37,00.00,00.00,00.00,00.00,05.00
06,00011,+3.00,03.46,00.62,09.37,00.00,00.00,00.00,00.00,05.00
06,00011,+2.00,01.23,02.36,09.37,00.00,00.00,00.00,00.00,05.00
06,00011,+1.00,03.39,03.37,09.37,00.00,00.00,00.00,00.00,05.00
06,00012,+4.00,-2.69,-0.48,09.90,00.00,00.00,00.00,00.00,05.00
06,00012,+3.00,03.46,00.62,09.90,00.00,00.00,00.00,00.00,05.00
06,00012,+2.00,01.23,02.36,09.90,00.00,00.00,00.00,00.00,05.00
06,00012,+1.00,03.39,03.37,09.90,00.00,00.00,00.00,00.00,05.00
06,00012,+4.00,-2.69,-0.48,10.41,00.00,00.00,00.00,00.00,05.00
06,00012,+3.00,03.46,00.62,10.41,00.00,00.00,00.00,00.00,05.00
06,00012,+2.00,01.23,02.36,10.41,00.00,00.00,00.00,00.00,05.00
06,00012,+1.00,03.39,03.37,10.41,00.00,00.00,00.00,00.00,05.00
06,00013,+4.00,-2.69,-0.48,10.92,00.00,00.00,00.00,00.00,05.00
06,00013,+3.00,03.46,00.62,10.92,00.00,00.00,00.00,00.00,05.00
06,00013,+2.00,01.23,02.36,10.92,00.00,00.00,00.00,00.00,05.00
06,00013,+1.00,03.39,03.37,10.92,00.00,00.00,00.00,00.00,05.00
06,00013,+4.00,-2.69,-0.48,11.43,00.00,00.00,00.00,00.00,05.00
06,00013,+3.00,03.46,00.62,11.43,00.00,00.00,00.00,00.00,05.00
06,00013,+2.00,01.23,02.36,11.43,00.00,00.00,00.00,00.00,05.00
06,00013,+1.00,03.39,03.37,11.43,00.00,00.00,00.00,00.00,05.00
06,00014,+4.00,-2.69,-0.48,11.92,00.00,00.00,00.00,00.00,05.00
06,00014,+3.00,03.46,00.62,11.92,00.00,00.00,00.00,00.00,05.00
06,00014,+2.00,01.23,02.36,11.92,00.00,00.00,00.00,00.00,05.00
06,00014,+1.00,03.39,03.37,11.92,00.00,00.00,00.00,00.00,05.00
06,00014,+4.00,-2.69,-0.48,12.41,00.00,00.00,00.00,00.00,05.00
06,00014,+3.00,03.46,00.62,12.41,00.00,00.00,00.00,00.00,05.00
06,00014,+2.00,01.23,02.36,12.41,00.00,00.00,00.00,00.00,05.00
06,00014,+1.00,03.39,03.37,12.41,00.00,00.00,00.00,00.00,05.00
06,00015,+4.00,-2.69,-0.48,12.91,00.00,00.00,00.00,00.00,05.00
06,00015,+3.00,03.46,00.62,12.91,00.00,00.00,00.00,00.00,05.00
06,00015,+2.00,01.23,02.36,12.91,00.00,00.00,00.00,00.00,05.00
06,00015,+1.00,03.39,03.37,12.91,00.00,00.00,00.00,00.00,05.00
06,00015,+4.00,-2.69,-0.48,13.40,00.00,00.00,00.00,00.00,05.00
06,00015,+3.00,03.46,00.62,13.40,00.00,00.00,00.00,00.00,05.00
06,00015,+2.00,01.23,02.36,13.40,00.00,00.00,00.00,00.00,05.00
06,00015,+1.00,03.39,03.37,13.40,00.00,00.00,00.00,00.00,05.00
06,00016,+4.00,-2.69,-0.48,13.89,00.00,00.00,00.00,00.00,05.00
06,00016,+3.00,03.46,00.62,13.89,00.00,00.00,00.00,00.00,05.00
06,00016,+2.00,01.23,02.36,13.89,00.00,00.00,00.00,00.00,05.00
06,00016,+1.00,03.39,03.37,13.89,00.00,00.00,00.00,00.00,05.00
06,00016,+4.00,-2.69,-0.48,14.39,00.00,00.00,00.00,00.00,05.00
06,00016,+3.00,03.46,00.62,14.39,00.00,00.00,00.00,00.00,05.00
06,00016,+2.00,01.23,02.36,14.39,00.00,00.00,00.00,00.00,05.00
06,00016,+1.00,03.39,03.37,14.39,00.00,00.00,00.00,00.00,05.00
06,00017,+4.00,-2.69,-0.48,14.89,00.00,00.00,00.00,00.00,05.00
06,00017,+3.00,03.46,00.62,14.89,00.00,00.00,00.00,00.00,05.00
06,00017,+2.00,01.23,02.36,14.89,00.00,00.00,00.00,00.00,05.00
06,00017,+1.00,03.39,03.37,14.89,00.00,00.00,00.00,00.00,05.00
06,00017,+4.00,-2.69,-0.48,15.39,00.00,00.00,00.00,00.00,05.00
06,00017,+3.00,03.46,00.62,15.39,00.00,00.00,00.00,00.00,05.00
06,00017,+2.00,01.23,02.36,15.39,00.00,00.00,00.00,00.00,05.00
06,00017,+1.00,03.39,03.37,15.39,00.00,00.00,00.00,00.00,05.00
06,00018,+4.00,-2.69,-0.48,15.90,00.00,00.00,00.00,00.00,05.00
06,00018,+3.00,03.46,00.62,15.90,00.00,00.00,00.00,00.00,05.00
06,00018,+2.00,01.23,02.36,15.90,00.00,00.00,00.00,00.00,05.00
06,00018,+1.00,03.39,03.37,15.90,00.00,00.00,00.00,00.00,05.00
06,00018,+4.00,-2.69,-0.48,16.40,00.00,00.00,00.00,00.00,05.00
06,00018,+3.00,03.46,00.62,16.40,00.00,00.00,00.00,00.00,05.00
06,00018,+2.00,01.23,02.36,16.40,00.00,00.00,00.00,00.00,05.00
06,00018,+1.00,03.39,03.37,16.40,00.00,00.00,00.00,00.00,05.00
06,00019,+4.00,-2.69,-0.48,16.90,00.00,00.00,00.00,00.00,05.00
06,00019,+3.00,03.46,00.62,16.90,00.00,00.00,00.00,00.00,05.00
06,00019,+2.00,01.23,02.36,16.90,00.00,00.00,00.00,00.00,05.00
06,00019,+1.00,03.39,03.37,16.90,00.00,00.00,00.00,00.00,05.00
06,00019,+4.00,-2.69,-0.48,17.40,00.00,00.00,00.00,00.00,05.00
06,00019,+3.00,03.46,00.62,17.40,00.00,00.00,00.00,00.00,05.00
06,00019,+2.00,01.23,02.36,17.40,00.00,00.00,00.00,00.00,05.00
06,00019,+1.00,03.39,03.37,17.40,00.00,00.00,00.00,00.00,05.00
06,00020,+4.00,-2.69,-0.48,17.90,00.00,00.00,00.00,00.00,05.00
06,00020,+3.00,03.46,00.62,17.90,00.00,00.00,00.00,00.00,05.00
06,00020,+2.00,01.23,02.36,17.90,00.00,00.00,00.00,00.00,05.00
06,00020,+1.00,03.39,03.37,17.90,00.00,00.00,00.00,00.00,05.00
06,00020,+4.00,-2.69,-0.48,18.40,00.00,00.00,00.00,00.00,05.00
06,00020,+3.00,03.46,00.62,18.40,00.00,00.00,00.00,00.00,05.00
06,00020,+2.00,01.23,02.36,18.40,00.00,00.00,00.00,00.00,05.00
06,00020,+1.00,03.39,03.37,18.40,00.00,00.00,00.00,00.00,05.00
06,00021,+4.00,-2.69,-0.48,18.90,00.00,00.00,00.00,00.00,05.00
06,00021,+3.00,03.46,00.62,18.90,00.00,00.00,00.00,00.00,05.00
06,00021,+2.00,01.23,02.36,18.90,00.00,00.00,00.00,00.00,05.00
06,00021,+1.00,03.39,03.37,18.90,00.00,00.00,00.00,00.00,05.00
06,00021,+4.00,-2.69,-0.48,19.40,00.00,00.00,00.00,00.00,05.00
06,00021,+3.00,03.46,00.62,19.40,00.00,00.00,00.00,00.00,05.00
06,00021,+2.00,01.23,02.36,19.40,00.00,00.00,00.00,00.00,05.00
06,00021,+1.00,03.39,03.37,19.40,00.00,00.00,00.00,00.00,05.00
06,00022,+4.00,-2.69,-0.48,19.90,00.00,00.00,00.00,00.00,05.00
06,00022,+3.00,03.46,00.62,19.90,00.00,00.00,00.00,00.00,05.00
06,00022,+2.00,01.23,02.36,19.90,00.00,00.00,00.00,00.00,05.00
06,00022,+1.00,03.39,03.37,19.90,00.00,00.00,00.00,00.00,05.00
06,00022,+4.00,-2.69,-0.48,20.40,-4.69,-4.69,-4.69,77.30,05.00
06,00022,+3.00,03.46,00.62,20.40,-2.55,-2.55,-2.55,71.81,05.00
06,00022,+2.00,01.23,02.36,20.40,-5.00,-5.00,-5.00,30.09,05.00
06,00022,+1.00,03.39,03.37,20.40,02.95,02.95,02.95,35.51,05.00
06,00023,+4.00,-2.79,-0.44,20.88,-4.69,-4.69,-4.69,77.19,05.00
06,00023,+3.00,03.41,00.71,20.88,-2.55,-2.55,-2.55,71.71,05.00
06,00023,+2.00,01.13,02.36,20.88,-5.00,-5.00,-5.00,29.99,05.00
06,00023,+1.00,03.45,03.45,20.88,02.95,02.95,02.95,35.40,05.00
06,00023,+4.00,-3.36,-0.23,21.26,-4.69,-4.69,-4.69,76.59,05.00
06,00023,+3.00,03.10,01.23,21.26,-2.55,-2.55,-2.55,71.10,05.00
06,00023,+2.00,00.52,02.36,21.26,-5.00,-5.00,-5.00,29.38,05.00
06,00023,+1.00,03.81,03.94,21.26,02.95,02.95,02.95,34.80,05.00
06,00024,+4.00,-4.65,00.24,21.48,-4.69,-4.69,-4.69,75.21,05.00
06,00024,+3.00,02.40,02.41,21.48,-2.55,-2.55,-2.55,69.73,05.00
06,00024,+2.00,-0.85,02.38,21.48,-5.00,-5.00,-5.00,28.01,05.00
06,00024,+1.00,04.62,05.05,21.48,02.95,02.95,02.95,33.43,05.00
06,00024,+4.00,-6.69,00.99,21.55,-4.69,-4.69,-4.69,73.04,05.00
06,00024,+3.00,01.29,04.28,21.55,-2.55,-2.55,-2.55,67.55,05.00
06,00024,+2.00,-3.03,02.39,21.55,-5.00,-5.00,-5.00,25.83,05.00
06,00024,+1.00,05.90,06.81,21.55,02.95,02.95,02.95,31.25,05.00
06,00025,+4.00,-9.35,01.97,21.48,-4.69,-4.69,-4.69,70.20,05.00
06,00025,+3.00,-0.16,06.72,21.48,-2.55,-2.55,-2.55,64.72,05.00
06,00025,+2.00,-5.86,02.42,21.48,-5.00,-5.00,-5.00,23.00,05.00
06,00025,+1.00,07.57,09.10,21.48,02.95,02.95,02.95,28.41,05.00
06,00025,+4.00,-12.40,03.10,21.33,-4.69,-4.69,-4.69,66.95,05.00
06,00025,+3.00,-1.82,09.52,21.33,-2.55,-2.55,-2.55,61.47,05.00
06,00025,+2.00,-9.12,02.45,21.33,-5.00,-5.00,-5.00,19.74,05.00
06,00025,+1.00,09.49,11.73,21.33,02.95,02.95,02.95,25.16,05.00
06,00026,+4.00,-15.59,04.28,21.15,-4.69,-4.69,-4.69,63.55,05.00
06,00026,+3.00,-3.56,12.44,21.15,-2.55,-2.55,-2.55,58.06,05.00
06,00026,+2.00,-12.52,02.48,21.15,-5.00,-5.00,-5.00,16.34,05.00
06,00026,+1.00,11.49,14.48,21.15,02.95,02.95,02.95,21.76,05.00
06,00026,+4.00,-18.71,05.43,20.99,-4.69,-4.69,-4.69,60.22,05.00
06,00026,+3.00,-5.25,15.30,20.99,-2.55,-2.55,-2.55,54.74,05.00
06,00026,+2.00,-15.84,02.51,20.99,-5.00,-5.00,-5.00,13.02,05.00
06,00026,+1.00,13.45,17.16,20.99,02.95,02.95,02.95,18.43,05.00
06,00027,+4.00,-21.61,06.49,20.87,-4.69,-4.69,-4.69,57.13,05.00
06,00027,+3.00,-6.83,17.96,20.87,-2.55,-2.55,-2.55,51.65,05.00
06,00027,+2.00,-18.94,02.53,20.87,-5.00,-5.00,-5.00,09.93,05.00
06,00027,+1.00,15.27,19.66,20.87,02.95,02.95,02.95,15.34,05.00
06,00027,+4.00,-24.24,07.46,20.81,-4.69,-4.69,-4.69,54.33,05.00
06,00027,+3.00,-8.26,20.37,20.81,-2.55,-2.55,-2.55,48.85,05.00
06,00027,+2.00,-21.73,02.56,20.81,-5.00,-5.00,-5.00,07.13,05.00
06,00027,+1.00,16.92,21.92,20.81,02.95,02.95,02.95,12.54,05.00
06,00028,+4.00,-26.60,08.33,20.80,-4.69,-4.69,-4.69,51.81,05.00
06,00028,+3.00,-9.54,22.53,20.80,-2.55,-2.55,-2.55,46.33,05.00
06,00028,+2.00,-24.25,02.58,20.80,-5.00,-5.00,-5.00,04.61,05.00
06,00028,+1.00,18.40,23.96,20.80,02.95,02.95,02.95,10.03,05.00
06,00028,+4.00,-28.76,09.13,20.84,-4.69,-4.69,-4.69,49.51,05.00
06,00028,+3.00,-10.72,24.52,20.84,-2.55,-2.55,-2.55,44.03,05.00
06,00028,+2.00,-26.56,02.60,20.84,-5.00,-5.00,-5.00,02.31,05.00
06,00028,+1.00,19.76,25.82,20.84,02.95,02.95,02.95,07.72,05.00
06,00029,+4.00,-30.82,09.89,20.90,-4.69,-4.69,-4.69,47.32,05.00
06,00029,+3.00,-11.84,26.40,20.90,-2.55,-2.55,-2.55,41.83,05.00
06,00029,+2.00,-28.75,02.62,20.90,-5.00,-5.00,-5.00,00.11,05.00
06,00029,+1.00,21.05,27.59,20.90,02.95,02.95,02.95,05.53,05.00
06,00029,+4.00,-32.86,10.64,20.97,-4.69,-4.69,-4.69,45.14,05.00
06,00029,+3.00,-12.95,28.27,20.97,-2.55,-2.55,-2.55,39.66,05.00
06,00029,+2.00,-30.92,02.64,20.97,00.00,00.00,00.00,00.11,05.00
06,00029,+1.00,22.33,29.35,20.97,02.95,02.95,02.95,03.36,05.00
06,00030,+4.00,-34.95,11.41,21.02,-4.69,-4.69,-4.69,42.92,05.00
06,00030,+3.00,-14.08,30.18,21.02,-2.55,-2.55,-2.55,37.43,05.00
06,00030,+2.00,-33.04,02.66,20.98,00.00,00.00,00.00,00.11,05.00
06,00030,+1.00,23.64,31.15,21.02,02.95,02.95,02.95,01.13,05.00
06,00030,+4.00,-37.13,12.21,21.06,-4.69,-4.69,-4.69,40.59,05.00
06,00030,+3.00,-15.27,32.18,21.06,-2.55,-2.55,-2.55,35.11,05.00
06,00030,+2.00,-34.76,02.67,20.78,00.00,00.00,00.00,00.11,05.00
06,00030,+1.00,25.01,33.03,21.06,00.00,00.00,00.00,01.13,05.00
06,00031,+4.00,-39.41,13.05,21.07,-4.69,-4.69,-4.69,38.16,05.00
06,00031,+3.00,-16.51,34.27,21.07,-2.55,-2.55,-2.55,32.68,05.00
06,00031,+2.00,-35.82,02.68,20.24,00.00,00.00,00.00,00.11,05.00
06,00031,+1.00,26.38,34.91,21.03,00.00,00.00,00.00,01.13,05.00
06,00031,+4.00,-41.78,13.93,21.07,-4.69,-4.69,-4.69,35.63,05.00
06,00031,+3.00,-17.80,36.45,21.07,-2.55,-2.55,-2.55,30.15,05.00
06,00031,+2.00,-36.17,02.68,19.36,00.00,00.00,00.00,00.11,05.00
06,00031,+1.00,27.52,36.46,20.78,00.00,00.00,00.00,01.13,05.00
06,00032,+4.00,-44.21,14.83,21.05,-4.69,-4.69,-4.69,33.04,05.00
06,00032,+3.00,-19.12,38.68,21.05,-2.55,-2.55,-2.55,27.56,05.00
06,00032,+2.00,-35.93,02.68,18.21,00.00,00.00,00.00,00.11,05.00
06,00032,+1.00,28.23,37.44,20.22,00.00,00.00,00.00,01.13,05.00
06,00032,+4.00,-46.67,15.73,21.03,-4.69,-4.69,-4.69,30.42,05.00
06,00032,+3.00,-20.46,40.93,21.03,-2.55,-2.55,-2.55,24.94,05.00
06,00032,+2.00,-35.29,02.67,16.89,00.00,00.00,00.00,00.11,05.00
06,00032,+1.00,28.49,37.80,19.32,00.00,00.00,00.00,01.13,05.00
06,00033,+4.00,-49.12,16.64,21.00,-4.69,-4.69,-4.69,27.81,05.00
06,00033,+3.00,-21.79,43.18,21.00,-2.55,-2.55,-2.55,22.33,05.00
06,00033,+2.00,-34.51,02.67,15.50,00.00,00.00,00.00,00.11,05.00
06,00033,+1.00,28.36,37.62,18.17,00.00,00.00,00.00,01.13,05.00
06,00033,+4.00,-51.55,17.53,20.99,-4.69,-4.69,-4.69,25.22,05.00
06,00033,+3.00,-23.11,45.40,20.99,-2.55,-2.55,-2.55,19.74,05.00
06,00033,+2.00,-33.77,02.66,14.16,00.00,00.00,00.00,00.11,05.00
06,00033,+1.00,27.97,37.09,16.85,00.00,00.00,00.00,01.13,05.00
06,00034,+4.00,-53.94,18.41,20.98,-4.69,-4.69,-4.69,22.67,05.00
06,00034,+3.00,-24.41,47.59,20.98,-2.55,-2.55,-2.55,17.19,05.00
06,00034,+2.00,-33.23,02.66,12.91,00.00,00.00,00.00,00.11,05.00
06,00034,+1.00,27.47,36.40,15.48,00.00,00.00,00.00,01.13,05.00
06,00034,+4.00,-56.30,19.28,20.97,-4.69,-4.69,-4.69,20.16,05.00
06,00034,+3.00,-25.69,49.75,20.97,-2.55,-2.55,-2.55,14.68,05.00
06,00034,+2.00,-32.94,02.65,11.79,00.00,00.00,00.00,00.11,05.00
06,00034,+1.00,26.99,35.74,14.14,00.00,00.00,00.00,01.13,05.00
06,00035,+4.00,-58.63,20.14,20.98,-4.69,-4.69,-4.69,17.68,05.00
06,00035,+3.00,-26.96,51.89,20.98,-2.55,-2.55,-2.55,12.20,05.00
06,00035,+2.00,-32.90,02.65,10.79,00.00,00.00,00.00,00.11,05.00
06,00035,+1.00,26.63,35.24,12.91,00.00,00.00,00.00,01.13,05.00
06,00035,+4.00,-60.94,20.99,20.99,-4.69,-4.69,-4.69,15.22,05.00
06,00035,+3.00,-28.22,54.00,20.99,-2.55,-2.55,-2.55,09.74,05.00
06,00035,+2.00,-33.06,02.66,09.87,00.00,00.00,00.00,00.11,05.00
06,00035,+1.00,26.43,34.97,11.80,00.00,00.00,00.00,01.13,05.00
06,00036,+4.00,-63.24,21.84,20.99,-4.69,-4.69,-4.69,12.76,05.00
06,00036,+3.00,-29.47,56.11,20.99,-2.55,-2.55,-2.55,07.28,05.00
06,00036,+2.00,-33.32,02.66,09.02,00.00,00.00,00.00,00.11,05.00
06,00036,+1.00,26.40,34.92,10.80,00.00,00.00,00.00,01.13,05.00
06,00036,+4.00,-65.55,22.69,21.00,-4.69,-4.69,-4.69,10.30,05.00
06,00036,+3.00,-30.72,58.23,21.00,-2.55,-2.55,-2.55,04.82,05.00
06,00036,+2.00,-33.61,02.66,08.28,00.00,00.00,00.00,00.11,05.00
06,00036,+1.00,26.49,35.05,09.89,00.00,00.00,00.00,01.13,05.00
06,00037,+4.00,-67.87,23.54,21.01,-4.69,-4.69,-4.69,07.83,05.00
06,00037,+3.00,-31.99,60.36,21.01,-2.55,-2.55,-2.55,02.35,05.00
06,00037,+2.00,-33.86,02.66,07.67,00.00,00.00,00.00,00.11,05.00
06,00037,+1.00,26.65,35.27,09.04,00.00,00.00,00.00,01.13,05.00
06,00037,+4.00,-70.20,24.41,21.01,-4.69,-4.69,-4.69,05.34,05.00
06,00037,+3.00,-33.26,62.50,21.01,02.55,02.55,02.55,00.14,05.00
06,00037,+2.00,-34.02,02.66,07.18,00.00,00.00,00.00,00.11,05.00
06,00037,+1.00,26.84,35.53,08.29,00.00,00.00,00.00,01.13,05.00
06,00038,+4.00,-72.55,25.27,21.01,-4.69,-4.69,-4.69,02.84,05.00
06,00038,+3.00,-34.43,64.47,21.01,00.00,00.00,00.00,00.14,05.00
06,00038,+2.00,-34.09,02.66,06.77,00.00,00.00,00.00,00.11,05.00
06,00038,+1.00,27.00,35.75,07.67,00.00,00.00,00.00,01.13,05.00
06,00038,+4.00,-74.91,26.14,21.01,-4.69,-4.69,-4.69,00.33,05.00
06,00038,+3.00,-35.14,65.68,20.97,00.00,00.00,00.00,00.14,05.00
06,00038,+2.00,-34.07,02.66,06.41,00.00,00.00,00.00,00.11,05.00
06,00038,+1.00,27.11,35.90,07.18,00.00,00.00,00.00,01.13,05.00
06,00039,+4.00,-77.27,27.01,21.00,00.00,00.00,00.00,00.33,05.00
06,00039,+3.00,-35.33,66.00,20.72,00.00,00.00,00.00,00.14,05.00
06,00039,+2.00,-34.00,02.66,06.05,00.00,00.00,00.00,00.11,05.00
06,00039,+1.00,27.16,35.97,06.77,00.00,00.00,00.00,01.13,05.00
06,00039,+4.00,-79.53,27.84,20.96,00.00,00.00,00.00,00.33,05.00
06,00039,+3.00,-35.10,65.60,20.17,00.00,00.00,00.00,00.14,05.00
06,00039,+2.00,-33.89,02.66,05.67,00.00,00.00,00.00,00.11,05.00
06,00039,+1.00,27.15,35.96,06.41,00.00,00.00,00.00,01.13,05.00
06,00040,+4.00,-81.32,28.50,20.71,00.00,00.00,00.00,00.33,05.00
06,00040,+3.00,-34.60,64.76,19.30,00.00,00.00,00.00,00.14,05.00
06,00040,+2.00,-33.79,02.66,05.24,00.00,00.00,00.00,00.11,05.00
06,00040,+1.00,27.11,35.90,06.05,00.00,00.00,00.00,01.13,05.00
06,00040,+4.00,-82.38,28.89,20.16,00.00,00.00,00.00,00.33,05.00
06,00040,+3.00,-34.00,63.76,18.16,00.00,00.00,00.00,00.14,05.00
06,00040,+2.00,-33.71,02.66,04.76,00.00,00.00,00.00,00.11,05.00
06,00040,+1.00,27.04,35.81,05.66,00.00,00.00,00.00,01.13,05.00
06,00041,+4.00,-82.69,29.01,19.29,00.00,00.00,00.00,00.33,05.00
06,00041,+3.00,-33.47,62.85,16.86,00.00,00.00,00.00,00.14,05.00
06,00041,+2.00,-33.66,02.66,04.24,00.00,00.00,00.00,00.11,05.00
06,00041,+1.00,26.97,35.72,05.24,00.00,00.00,00.00,01.13,05.00
06,00041,+4.00,-82.37,28.89,18.16,00.00,00.00,00.00,00.33,05.00
06,00041,+3.00,-33.09,62.21,15.50,00.00,00.00,00.00,00.14,05.00
06,00041,+2.00,-33.65,02.66,03.70,00.00,00.00,00.00,00.11,05.00
06,00041,+1.00,26.92,35.64,04.76,00.00,00.00,00.00,01.13,05.00
06,00042,+4.00,-81.66,28.63,16.86,00.00,00.00,00.00,00.33,05.00
06,00042,+3.00,-32.90,61.90,14.17,00.00,00.00,00.00,00.14,05.00
06,00042,+2.00,-33.67,02.66,03.16,00.00,00.00,00.00,00.11,05.00
06,00042,+1.00,26.89,35.60,04.24,00.00,00.00,00.00,01.13,05.00
06,00042,+4.00,-80.81,28.31,15.50,00.00,00.00,00.00,00.33,05.00
06,00042,+3.00,-32.90,61.89,12.93,00.00,00.00,00.00,00.14,05.00
06,00042,+2.00,-33.70,02.66,02.67,00.00,00.00,00.00,00.11,05.00
06,00042,+1.00,26.88,35.59,03.70,00.00,00.00,00.00,01.13,05.00
06,00043,+4.00,-80.03,28.03,14.17,00.00,00.00,00.00,00.33,05.00
06,00043,+3.00,-33.03,62.11,11.81,00.00,00.00,00.00,00.14,05.00
06,00043,+2.00,-33.74,02.66,02.27,00.00,00.00,00.00,00.11,05.00
06,00043,+1.00,26.89,35.60,03.16,00.00,00.00,00.00,01.13,05.00
06,00043,+4.00,-79.47,27.82,12.93,00.00,00.00,00.00,00.33,05.00
06,00043,+3.00,-33.23,62.45,10.81,00.00,00.00,00.00,00.14,05.00
06,00043,+2.00,-33.77,02.66,01.97,00.00,00.00,00.00,00.11,05.00
06,00043,+1.00,26.91,35.63,02.67,00.00,00.00,00.00,01.13,05.00
06,00044,+4.00,-79.19,27.72,11.82,00.00,00.00,00.00,00.33,05.00
06,00044,+3.00,-33.44,62.82,09.89,00.00,00.00,00.00,00.14,05.00
06,00044,+2.00,-33.80,02.66,01.75,00.00,00.00,00.00,00.11,05.00
06,00044,+1.00,26.93,35.66,02.27,00.00,00.00,00.00,01.13,05.00
06,00044,+4.00,-79.17,27.71,10.81,00.00,00.00,00.00,00.33,05.00
06,00044,+3.00,-33.62,63.11,09.03,00.00,00.00,00.00,00.14,05.00
06,00044,+2.00,-33.81,02.66,01.59,00.00,00.00,00.00,00.11,05.00
06,00044,+1.00,26.96,35.69,01.97,00.00,00.00,00.00,01.13,05.00
06,00045,+4.00,-79.36,27.78,09.89,00.00,00.00,00.00,00.33,05.00
06,00045,+3.00,-33.73,63.30,08.28,00.00,00.00,00.00,00.14,05.00
06,00045,+2.00,-33.81,02.66,01.45,00.00,00.00,00.00,00.11,05.00
06,00045,+1.00,26.97,35.71,01.75,00.00,00.00,00.00,01.13,05.00
06,00045,+4.00,-79.65,27.89,09.03,00.00,00.00,00.00,00.33,05.00
06,00045,+3.00,-33.78,63.37,07.67,00.00,00.00,00.00,00.14,05.00
06,00045,+2.00,-33.80,02.66,01.30,00.00,00.00,00.00,00.11,05.00
06,00045,+1.00,26.98,35.73,01.59,00.00,00.00,00.00,01.13,05.00
06,00046,+4.00,-79.96,28.00,08.28,00.00,00.00,00.00,00.33,05.00
06,00046,+3.00,-33.76,63.34,07.17,00.00,00.00,00.00,00.14,05.00
06,00046,+2.00,-33.79,02.66,01.12,00.00,00.00,00.00,00.11,05.00
06,00046,+1.00,26.98,35.73,01.44,00.00,00.00,00.00,01.13,05.00
06,00046,+4.00,-80.22,28.10,07.67,00.00,00.00,00.00,00.33,05.00
06,00046,+3.00,-33.70,63.24,06.77,00.00,00.00,00.00,00.14,05.00
06,00046,+2.00,-33.77,02.66,00.91,00.00,00.00,00.00,00.11,05.00
06,00046,+1.00,26.98,35.72,01.30,00.00,00.00,00.00,01.13,05.00
02,00046,002,+72.27,-54.79
06,00047,+4.00,-80.38,28.16,07.17,00.00,00.00,00.00,00.33,05.00
06,00047,+3.00,-33.62,63.11,06.40,00.00,00.00,00.00,00.14,05.00
06,00047,+2.00,-33.76,02.66,00.68,00.00,00.00,00.00,00.11,05.00
06,00047,+1.00,26.97,35.71,01.12,00.00,00.00,00.00,01.13,05.00
06,00047,+4.00,-80.45,28.18,06.76,00.00,00.00,00.00,00.33,05.00
06,00047,+3.00,-33.54,62.98,06.05,00.00,00.00,00.00,00.14,05.00
06,00047,+2.00,-33.76,02.66,00.47,00.00,00.00,00.00,00.11,05.00
06,00047,+1.00,26.96,35.70,00.91,00.00,00.00,00.00,01.13,05.00
02,00047,001,+68.92,71.72
06,00048,+4.00,-80.42,28.17,06.40,00.00,00.00,00.00,00.33,05.00
06,00048,+3.00,-33.49,62.88,05.67,00.00,00.00,00.00,00.14,05.00
06,00048,+2.00,-33.75,02.66,00.34,00.00,00.00,00.00,00.11,05.00
06,00048,+1.00,26.95,35.69,00.68,00.00,00.00,00.00,01.13,05.00
06,00048,+4.00,-80.33,28.14,06.05,00.00,00.00,00.00,00.33,05.00
06,00048,+3.00,-33.45,62.83,05.24,00.00,00.00,00.00,00.14,05.00
06,00048,+2.00,-33.75,02.66,00.39,00.00,00.00,00.00,00.11,05.00
06,00048,+1.00,26.95,35.68,00.47,00.00,00.00,00.00,01.13,05.00
06,00049,+4.00,-80.22,28.10,05.67,00.00,00.00,00.00,00.33,05.00
06,00049,+3.00,-33.45,62.82,04.76,00.00,00.00,00.00,00.14,05.00
06,00049,+2.00,-33.76,02.66,00.67,00.00,00.00,00.00,00.11,05.00
06,00049,+1.00,26.94,35.68,00.34,00.00,00.00,00.00,01.13,05.00
06,00049,+4.00,-80.11,28.06,05.24,00.00,00.00,00.00,00.33,05.00
06,00049,+3.00,-33.46,62.85,04.25,00.00,00.00,00.00,00.14,05.00
06,00049,+2.00,-33.76,02.66,01.15,00.00,00.00,00.00,00.11,05.00
06,00049,+1.00,26.95,35.68,00.39,00.00,00.00,00.00,01.13,05.00
06,00050,+4.00,-80.03,28.03,04.76,00.00,00.00,00.00,00.33,05.00
06,00050,+3.00,-33.49,62.89,03.70,00.00,00.00,00.00,00.14,05.00
06,00050,+2.00,-33.77,02.66,01.80,00.00,00.00,00.00,00.11,05.00
06,00050,+1.00,26.95,35.68,00.67,00.00,00.00,00.00,01.13,05.00
06,00050,+4.00,-79.98,28.01,04.25,00.00,00.00,00.00,00.33,05.00
06,00050,+3.00,-33.52,62.94,03.16,00.00,00.00,00.00,00.14,05.00
06,00050,+2.00,-33.77,02.66,02.54,00.00,00.00,00.00,00.11,05.00
06,00050,+1.00,26.95,35.69,01.15,00.00,00.00,00.00,01.13,05.00
06,00051,+4.00,-79.97,28.01,03.70,00.00,00.00,00.00,00.33,05.00
06,00051,+3.00,-33.54,62.98,02.67,00.00,00.00,00.00,00.14,05.00
06,00051,+2.00,-33.77,02.66,03.29,00.00,00.00,00.00,00.11,05.00
06,00051,+1.00,26.95,35.69,01.80,00.00,00.00,00.00,01.13,05.00
06,00051,+4.00,-79.99,28.01,03.16,00.00,00.00,00.00,00.33,05.00
06,00051,+3.00,-33.56,63.01,02.27,00.00,00.00,00.00,00.14,05.00
06,00051,+2.00,-33.77,02.66,03.99,00.00,00.00,00.00,00.11,05.00
06,00051,+1.00,26.96,35.69,02.54,00.00,00.00,00.00,01.13,05.00
06,00052,+4.00,-80.03,28.03,02.67,00.00,00.00,00.00,00.33,05.00
06,00052,+3.00,-33.57,63.02,01.97,00.00,00.00,00.00,00.14,05.00
06,00052,+2.00,-33.77,02.66,04.63,00.00,00.00,00.00,00.11,05.00
06,00052,+1.00,26.96,35.69,03.28,00.00,00.00,00.00,01.13,05.00
06,00052,+4.00,-80.07,28.04,02.27,00.00,00.00,00.00,00.33,05.00
06,00052,+3.00,-33.57,63.02,01.75,00.00,00.00,00.00,00.14,05.00
06,00052,+2.00,-33.77,02.66,05.18,00.00,00.00,00.00,00.11,05.00
06,00052,+1.00,26.96,35.70,03.99,00.00,00.00,00.00,01.13,05.00
06,00053,+4.00,-80.11,28.06,01.97,00.00,00.00,00.00,00.33,05.00
06,00053,+3.00,-33.56,63.01,01.59,00.00,00.00,00.00,00.14,05.00
06,00053,+2.00,-33.77,02.66,05.66,00.00,00.00,00.00,00.11,05.00
06,00053,+1.00,26.96,35.69,04.63,00.00,00.00,00.00,01.13,05.00
06,00053,+4.00,-80.13,28.07,01.75,00.00,00.00,00.00,00.33,05.00
06,00053,+3.00,-33.55,62.99,01.44,00.00,00.00,00.00,00.14,05.00
06,00053,+2.00,-33.77,02.66,06.09,00.00,00.00,00.00,00.11,05.00
06,00053,+1.00,26.96,35.69,05.18,00.00,00.00,00.00,01.13,05.00
06,00054,+4.00,-80.15,28.07,01.59,00.00,00.00,00.00,00.33,05.00
06,00054,+3.00,-33.54,62.97,01.30,00.00,00.00,00.00,00.14,05.00
06,00054,+2.00,-33.77,02.66,06.50,00.00,00.00,00.00,00.11,05.00
06,00054,+1.00,26.96,35.69,05.66,00.00,00.00,00.00,01.13,05.00
06,00054,+4.00,-80.15,28.07,01.44,00.00,00.00,00.00,00.33,05.00
06,00054,+3.00,-33.53,62.96,01.12,00.00,00.00,00.00,00.14,05.00
06,00054,+2.00,-33.77,02.66,06.91,00.00,00.00,00.00,00.11,05.00
06,00054,+1.00,26.95,35.69,06.09,00.00,00.00,00.00,01.13,05.00
06,00055,+4.00,-80.14,28.07,01.30,00.00,00.00,00.00,00.33,05.00
06,00055,+3.00,-33.53,62.95,00.91,00.00,00.00,00.00,00.14,05.00
06,00055,+2.00,-33.77,02.66,07.34,00.00,00.00,00.00,00.11,05.00
06,00055,+1.00,26.95,35.69,06.50,00.00,00.00,00.00,01.13,05.00
02,00055,003,-6.66,06.47
06,00055,+4.00,-80.12,28.06,01.12,00.00,00.00,00.00,00.33,05.00
06,00055,+3.00,-33.52,62.95,00.68,00.00,00.00,00.00,00.14,05.00
06,00055,+2.00,-33.77,02.66,07.81,00.00,00.00,00.00,00.11,05.00
06,00055,+1.00,26.95,35.69,06.91,00.00,00.00,00.00,01.13,05.00
06,00056,+4.00,-80.11,28.05,00.91,00.00,00.00,00.00,00.33,05.00
06,00056,+3.00,-33.53,62.95,00.47,00.00,00.00,00.00,00.14,05.00
06,00056,+2.00,-33.77,02.66,08.30,00.00,00.00,00.00,00.11,05.00
06,00056,+1.00,26.95,35.69,07.34,00.00,00.00,00.00,01.13,05.00
02,00056,004,-41.05,28.43
06,00056,+4.00,-80.09,28.05,00.68,00.00,00.00,00.00,00.33,05.00
06,00056,+3.00,-33.53,62.96,00.34,00.00,00.00,00.00,00.14,05.00
06,00056,+2.00,-33.77,02.66,08.81,00.00,00.00,00.00,00.11,05.00
06,00056,+1.00,26.95,35.69,07.81,00.00,00.00,00.00,01.13,05.00
06,00057,+4.00,-80.09,28.05,00.47,00.00,00.00,00.00,00.33,05.00
06,00057,+3.00,-33.53,62.96,00.39,00.00,00.00,00.00,00.14,05.00
06,00057,+2.00,-33.77,02.66,09.34,00.00,00.00,00.00,00.11,05.00
06,00057,+1.00,26.95,35.69,08.30,00.00,00.00,00.00,01.13,05.00
06,00057,+4.00,-80.08,28.05,00.34,00.00,00.00,00.00,00.33,05.00
06,00057,+3.00,-33.54,62.97,00.67,00.00,00.00,00.00,00.14,05.00
06,00057,+2.00,-33.77,02.66,09.88,00.00,00.00,00.00,00.11,05.00
06,00057,+1.00,26.95,35.69,08.81,00.00,00.00,00.00,01.13,05.00
06,00058,+4.00,-80.09,28.05,00.39,00.00,00.00,00.00,00.33,05.00
06,00058,+3.00,-33.54,62.97,01.15,00.00,00.00,00.00,00.14,05.00
06,00058,+2.00,-33.77,02.66,10.41,00.00,00.00,00.00,00.11,05.00
06,00058,+1.00,26.96,35.69,09.34,00.00,00.00,00.00,01.13,05.00
06,00058,+4.00,-80.09,28.05,00.67,00.00,00.00,00.00,00.33,05.00
06,00058,+3.00,-33.54,62.98,01.80,00.00,00.00,00.00,00.14,05.00
06,00058,+2.00,-33.77,02.66,10.93,00.00,00.00,00.00,00.11,05.00
06,00058,+1.00,26.96,35.69,09.88,00.00,00.00,00.00,01.13,05.00
06,00059,+4.00,-80.10,28.05,01.15,00.00,00.00,00.00,00.33,05.00
06,00059,+3.00,-33.54,62.98,02.53,00.00,00.00,00.00,00.14,05.00
06,00059,+2.00,-33.77,02.66,11.44,00.00,00.00,00.00,00.11,05.00
06,00059,+1.00,26.96,35.69,10.41,00.00,00.00,00.00,01.13,05.00
06,00059,+4.00,-80.10,28.05,01.80,00.00,00.00,00.00,00.33,05.00
06,00059,+3.00,-33.54,62.97,03.28,00.00,00.00,00.00,00.14,05.00
06,00059,+2.00,-33.77,02.66,11.94,00.00,00.00,00.00,00.11,05.00
06,00059,+1.00,26.96,35.69,10.93,00.00,00.00,00.00,01.13,05.00
06,00060,+4.00,-80.10,28.05,02.53,00.00,00.00,00.00,00.33,05.00
06,00060,+3.00,-33.54,62.97,03.99,00.00,00.00,00.00,00.14,05.00
06,00060,+2.00,-33.77,02.66,12.43,00.00,00.00,00.00,00.11,05.00
06,00060,+1.00,26.96,35.69,11.44,00.00,00.00,00.00,01.13,05.00
06,00060,+4.00,-80.11,28.06,03.28,00.00,00.00,00.00,00.33,05.00
06,00060,+3.00,-33.54,62.97,04.63,00.00,00.00,00.00,00.14,05.00
06,00060,+2.00,-33.77,02.66,12.92,00.00,00.00,00.00,00.11,05.00
06,00060,+1.00,26.95,35.69,11.94,00.00,00.00,00.00,01.13,05.00
06,00061,+4.00,-80.11,28.06,03.99,00.00,00.00,00.00,00.33,05.00
06,00061,+3.00,-33.54,62.97,05.18,00.00,00.00,00.00,00.14,05.00
06,00061,+2.00,-33.77,02.66,13.40,00.00,00.00,00.00,00.11,05.00
06,00061,+1.00,26.95,35.69,12.43,00.00,00.00,00.00,01.13,05.00
06,00061,+4.00,-80.11,28.06,04.63,00.00,00.00,00.00,00.33,05.00
06,00061,+3.00,-33.53,62.97,05.66,00.00,00.00,00.00,00.14,05.00
06,00061,+2.00,-33.77,02.66,13.89,00.00,00.00,00.00,00.11,05.00
06,00061,+1.00,26.95,35.69,12.92,00.00,00.00,00.00,01.13,05.00
06,00062,+4.00,-80.10,28.05,05.18,00.00,00.00,00.00,00.33,05.00
06,00062,+3.00,-33.53,62.97,06.09,00.00,00.00,00.00,00.14,05.00
06,00062,+2.00,-33.77,02.66,14.39,00.00,00.00,00.00,00.11,05.00
06,00062,+1.00,26.95,35.69,13.40,00.00,00.00,00.00,01.13,05.00
06,00062,+4.00,-80.10,28.05,05.66,00.00,00.00,00.00,00.33,05.00
06,00062,+3.00,-33.53,62.97,06.50,00.00,00.00,00.00,00.14,05.00
06,00062,+2.00,-33.77,02.66,14.89,00.00,00.00,00.00,00.11,05.00
06,00062,+1.00,26.95,35.69,13.89,00.00,00.00,00.00,01.13,05.00
06,00063,+4.00,-80.10,28.05,06.09,00.00,00.00,00.00,00.33,05.00
06,00063,+3.00,-33.53,62.97,06.91,00.00,00.00,00.00,00.14,05.00
06,00063,+2.00,-33.77,02.66,15.39,00.00,00.00,00.00,00.11,05.00
06,00063,+1.00,26.95,35.69,14.39,00.00,00.00,00.00,01.13,05.00
06,00063,+4.00,-80.10,28.05,06.50,00.00,00.00,00.00,00.33,05.00
06,00063,+3.00,-33.54,62.97,07.34,00.00,00.00,00.00,00.14,05.00
06,00063,+2.00,-33.77,02.66,15.89,00.00,00.00,00.00,00.11,05.00
06,00063,+1.00,26.95,35.69,14.89,00.00,00.00,00.00,01.13,05.00
06,00064,+4.00,-80.10,28.05,06.91,00.00,00.00,00.00,00.33,05.00
06,00064,+3.00,-33.54,62.97,07.81,00.00,00.00,00.00,00.14,05.00
06,00064,+2.00,-33.77,02.66,16.40,00.00,00.00,00.00,00.11,05.00
06,00064,+1.00,26.95,35.69,15.39,00.00,00.00,00.00,01.13,05.00
06,00064,+4.00,-80.10,28.05,07.34,00.00,00.00,00.00,00.33,05.00
06,00064,+3.00,-33.54,62.97,08.30,00.00,00.00,00.00,00.14,05.00
06,00064,+2.00,-33.77,02.66,16.90,00.00,00.00,00.00,00.11,05.00
06,00064,+1.00,26.95,35.69,15.89,00.00,00.00,00.00,01.13,05.00
06,00065,+4.00,-80.10,28.05,07.81,00.00,00.00,00.00,00.33,05.00
06,00065,+3.00,-33.54,62.97,08.81,00.00,00.00,00.00,00.14,05.00
06,00065,+2.00,-33.77,02.66,17.40,00.00,00.00,00.00,00.11,05.00
06,00065,+1.00,26.95,35.69,16.40,00.00,00.00,00.00,01.13,05.00
06,00065,+4.00,-80.10,28.05,08.30,00.00,00.00,00.00,00.33,05.00
06,00065,+3.00,-33.54,62.97,09.34,00.00,00.00,00.00,00.14,05.00
06,00065,+2.00,-33.77,02.66,17.90,00.00,00.00,00.00,00.11,05.00
06,00065,+1.00,26.95,35.69,16.90,00.00,00.00,00.00,01.13,05.00
06,00066,+4.00,-80.10,28.05,08.81,00.00,00.00,00.00,00.33,05.00
06,00066,+3.00,-33.54,62.97,09.88,00.00,00.00,00.00,00.14,05.00
06,00066,+2.00,-33.77,02.66,18.40,00.00,00.00,00.00,00.11,05.00
06,00066,+1.00,26.95,35.69,17.40,00.00,00.00,00.00,01.13,05.00
06,00066,+4.00,-80.10,28.05,09.34,00.00,00.00,00.00,00.33,05.00
06,00066,+3.00,-33.54,62.97,10.41,00.00,00.00,00.00,00.14,05.00
06,00066,+2.00,-33.77,02.66,18.90,00.00,00.00,00.00,00.11,05.00
06,00066,+1.00,26.95,35.69,17.90,00.00,00.00,00.00,01.13,05.00
06,00067,+4.00,-80.10,28.05,09.88,00.00,00.00,00.00,00.33,05.00
06,00067,+3.00,-33.54,62.97,10.93,00.00,00.00,00.00,00.14,05.00
06,00067,+2.00,-33.77,02.66,19.40,00.00,00.00,00.00,00.11,05.00
06,00067,+1.00,26.95,35.69,18.40,00.00,00.00,00.00,01.13,05.00
06,00067,+4.00,-80.10,28.05,10.41,00.00,00.00,00.00,00.33,05.00
06,00067,+3.00,-33.54,62.97,11.44,00.00,00.00,00.00,00.14,05.00
06,00067,+2.00,-33.77,02.66,19.90,00.00,00.00,00.00,00.11,05.00
06,00067,+1.00,26.95,35.69,18.90,00.00,00.00,00.00,01.13,05.00
06,00068,+4.00,-80.10,28.05,10.93,00.00,00.00,00.00,00.33,05.00
06,00068,+3.00,-33.54,62.97,11.94,00.00,00.00,00.00,00.14,05.00
06,00068,+2.00,-33.77,02.66,20.40,04.40,04.40,04.40,120.60,05.00
06,00068,+1.00,26.95,35.69,19.40,00.00,00.00,00.00,01.13,05.00
06,00068,+4.00,-80.10,28.05,11.44,00.00,00.00,00.00,00.33,05.00
06,00068,+3.00,-33.54,62.97,12.43,00.00,00.00,00.00,00.14,05.00
06,00068,+2.00,-33.68,02.61,20.88,04.40,04.40,04.40,120.50,05.00
06,00068,+1.00,26.95,35.69,19.90,00.00,00.00,00.00,01.13,05.00
06,00069,+4.00,-80.10,28.05,11.94,00.00,00.00,00.00,00.33,05.00
06,00069,+3.00,-33.54,62.97,12.92,00.00,00.00,00.00,00.14,05.00
06,00069,+2.00,-33.15,02.32,21.26,04.40,04.40,04.40,119.89,05.00
06,00069,+1.00,26.95,35.69,20.40,03.79,03.79,03.79,55.31,05.00
06,00069,+4.00,-80.10,28.05,12.43,00.00,00.00,00.00,00.33,05.00
06,00069,+3.00,-33.54,62.97,13.40,00.00,00.00,00.00,00.14,05.00
06,00069,+2.00,-31.94,01.67,21.48,04.40,04.40,04.40,118.52,05.00
06,00069,+1.00,27.03,35.76,20.88,03.79,03.79,03.79,55.20,05.00
06,00070,+4.00,-80.10,28.05,12.92,00.00,00.00,00.00,00.33,05.00
06,00070,+3.00,-33.54,62.97,13.89,00.00,00.00,00.00,00.14,05.00
06,00070,+2.00,-30.03,00.63,21.55,04.40,04.40,04.40,116.34,05.00
06,00070,+1.00,27.49,36.15,21.26,03.79,03.79,03.79,54.60,05.00
06,00070,+4.00,-80.10,28.05,13.40,00.00,00.00,00.00,00.33,05.00
06,00070,+3.00,-33.54,62.97,14.39,00.00,00.00,00.00,00.14,05.00
06,00070,+2.00,-27.53,-0.72,21.48,04.40,04.40,04.40,113.51,05.00
06,00070,+1.00,28.53,37.05,21.48,03.79,03.79,03.79,53.23,05.00
06,00071,+4.00,-80.10,28.05,13.89,00.00,00.00,00.00,00.33,05.00
06,00071,+3.00,-33.54,62.97,14.89,00.00,00.00,00.00,00.14,05.00
06,00071,+2.00,-24.67,-2.27,21.33,04.40,04.40,04.40,110.26,05.00
06,00071,+1.00,30.19,38.46,21.55,03.79,03.79,03.79,51.05,05.00
06,00071,+4.00,-80.10,28.05,14.39,00.00,00.00,00.00,00.33,05.00
06,00071,+3.00,-33.54,62.97,15.39,00.00,00.00,00.00,00.14,05.00
06,00071,+2.00,-21.68,-3.89,21.15,04.40,04.40,04.40,106.85,05.00
06,00071,+1.00,32.34,40.31,21.48,03.79,03.79,03.79,48.21,05.00
06,00072,+4.00,-80.10,28.05,14.89,00.00,00.00,00.00,00.33,05.00
06,00072,+3.00,-33.54,62.97,15.89,00.00,00.00,00.00,00.14,05.00
06,00072,+2.00,-18.76,-5.47,20.99,04.40,04.40,04.40,103.53,05.00
06,00072,+1.00,34.81,42.43,21.33,03.79,03.79,03.79,44.96,05.00
06,00072,+4.00,-80.10,28.05,15.39,00.00,00.00,00.00,00.33,05.00
06,00072,+3.00,-33.54,62.97,16.40,00.00,00.00,00.00,00.14,05.00
06,00072,+2.00,-16.04,-6.94,20.87,04.40,04.40,04.40,100.44,05.00
06,00072,+1.00,37.39,44.65,21.15,03.79,03.79,03.79,41.56,05.00
06,00073,+4.00,-80.10,28.05,15.89,00.00,00.00,00.00,00.33,05.00
06,00073,+3.00,-33.54,62.97,16.90,00.00,00.00,00.00,00.14,05.00
06,00073,+2.00,-13.58,-8.28,20.81,04.40,04.40,04.40,97.64,05.00
06,00073,+1.00,39.91,46.81,20.99,03.79,03.79,03.79,38.23,05.00
06,00073,+4.00,-80.10,28.05,16.40,00.00,00.00,00.00,00.33,05.00
06,00073,+3.00,-33.54,62.97,17.40,00.00,00.00,00.00,00.14,05.00
06,00073,+2.00,-11.37,-9.48,20.80,04.40,04.40,04.40,95.12,05.00
06,00073,+1.00,42.25,48.83,20.87,03.79,03.79,03.79,35.14,05.00
06,00074,+4.00,-80.10,28.05,16.90,00.00,00.00,00.00,00.33,05.00
06,00074,+3.00,-33.54,62.97,17.90,00.00,00.00,00.00,00.14,05.00
06,00074,+2.00,-9.34,-10.58,20.84,04.40,04.40,04.40,92.82,05.00
06,00074,+1.00,44.38,50.65,20.81,03.79,03.79,03.79,32.34,05.00
06,00074,+4.00,-80.10,28.05,17.40,00.00,00.00,00.00,00.33,05.00
06,00074,+3.00,-33.54,62.97,18.40,00.00,00.00,00.00,00.14,05.00
06,00074,+2.00,-7.41,-11.62,20.90,04.40,04.40,04.40,90.62,05.00
06,00074,+1.00,46.29,52.29,20.80,03.79,03.79,03.79,29.83,05.00
06,00075,+4.00,-80.10,28.05,17.90,00.00,00.00,00.00,00.33,05.00
06,00075,+3.00,-33.54,62.97,18.90,00.00,00.00,00.00,00.14,05.00
06,00075,+2.00,-5.50,-12.65,20.97,04.40,04.40,04.40,88.45,05.00
06,00075,+1.00,48.04,53.79,20.84,03.79,03.79,03.79,27.52,05.00
06,00075,+4.00,-80.10,28.05,18.40,00.00,00.00,00.00,00.33,05.00
06,00075,+3.00,-33.54,62.97,19.40,00.00,00.00,00.00,00.14,05.00
06,00075,+2.00,-3.54,-13.71,21.02,04.40,04.40,04.40,86.22,05.00
06,00075,+1.00,49.70,55.22,20.90,03.79,03.79,03.79,25.33,05.00
06,00076,+4.00,-80.10,28.05,18.90,00.00,00.00,00.00,00.33,05.00
06,00076,+3.00,-33.54,62.97,19.90,00.00,00.00,00.00,00.14,05.00
06,00076,+2.00,-1.50,-14.82,21.06,04.40,04.40,04.40,83.90,05.00
06,00076,+1.00,51.35,56.64,20.97,03.79,03.79,03.79,23.16,05.00
06,00076,+4.00,-80.10,28.05,19.40,00.00,00.00,00.00,00.33,05.00
06,00076,+3.00,-33.54,62.97,20.40,02.15,02.15,02.15,62.57,05.00
06,00076,+2.00,00.64,-15.98,21.07,04.40,04.40,04.40,81.47,05.00
06,00076,+1.00,53.04,58.09,21.02,03.79,03.79,03.79,20.93,05.00
06,00077,+4.00,-80.10,28.05,19.90,00.00,00.00,00.00,00.33,05.00
06,00077,+3.00,-33.49,62.87,20.88,02.15,02.15,02.15,62.46,05.00
06,00077,+2.00,02.86,-17.18,21.07,04.40,04.40,04.40,78.94,05.00
06,00077,+1.00,54.80,59.60,21.06,03.79,03.79,03.79,18.61,05.00
06,00077,+4.00,-80.10,28.05,20.40,05.00,05.00,05.00,39.06,05.00
06,00077,+3.00,-33.23,62.33,21.26,02.15,02.15,02.15,61.86,05.00
06,00077,+2.00,05.14,-18.42,21.05,04.40,04.40,04.40,76.35,05.00
06,00077,+1.00,56.65,61.18,21.07,03.79,03.79,03.79,16.17,05.00
06,00078,+4.00,-80.00,28.05,20.88,05.00,05.00,05.00,38.95,05.00
06,00078,+3.00,-32.64,61.09,21.48,02.15,02.15,02.15,60.49,05.00
06,00078,+2.00,07.44,-19.67,21.03,04.40,04.40,04.40,73.73,05.00
06,00078,+1.00,58.56,62.83,21.07,03.79,03.79,03.79,13.65,05.00
06,00078,+4.00,-79.39,28.06,21.26,05.00,05.00,05.00,38.35,05.00
06,00078,+3.00,-31.71,59.12,21.55,02.15,02.15,02.15,58.31,05.00
06,00078,+2.00,09.74,-20.91,21.00,04.40,04.40,04.40,71.12,05.00
06,00078,+1.00,60.53,64.52,21.05,03.79,03.79,03.79,11.06,05.00
06,00079,+4.00,-78.02,28.07,21.48,05.00,05.00,05.00,36.97,05.00
06,00079,+3.00,-30.49,56.56,21.48,02.15,02.15,02.15,55.47,05.00
06,00079,+2.00,12.02,-22.14,20.99,04.40,04.40,04.40,68.53,05.00
06,00079,+1.00,62.52,66.22,21.03,03.79,03.79,03.79,08.44,05.00
06,00079,+4.00,-75.84,28.09,21.55,05.00,05.00,05.00,34.80,05.00
06,00079,+3.00,-29.09,53.62,21.33,02.15,02.15,02.15,52.22,05.00
06,00079,+2.00,14.26,-23.36,20.98,04.40,04.40,04.40,65.98,05.00
06,00079,+1.00,64.50,67.93,21.00,03.79,03.79,03.79,05.82,05.00
06,00080,+4.00,-73.01,28.12,21.48,05.00,05.00,05.00,31.96,05.00
06,00080,+3.00,-27.63,50.55,21.15,02.15,02.15,02.15,48.82,05.00
06,00080,+2.00,16.47,-24.55,20.97,04.40,04.40,04.40,63.47,05.00
06,00080,+1.00,66.46,69.61,20.99,03.79,03.79,03.79,03.23,05.00
06,00080,+4.00,-69.75,28.15,21.33,05.00,05.00,05.00,28.71,05.00
06,00080,+3.00,-26.20,47.55,20.99,02.15,02.15,02.15,45.49,05.00
06,00080,+2.00,18.65,-25.74,20.98,04.40,04.40,04.40,60.99,05.00
06,00080,+1.00,68.40,71.27,20.98,03.79,03.79,03.79,00.68,05.00
06,00081,+4.00,-66.35,28.18,21.15,05.00,05.00,05.00,25.31,05.00
06,00081,+3.00,-24.87,44.76,20.87,02.15,02.15,02.15,42.40,05.00
06,00081,+2.00,20.81,-26.91,20.99,04.40,04.40,04.40,58.53,05.00
06,00081,+1.00,70.30,72.91,20.97,00.00,00.00,00.00,00.68,05.00
06,00081,+4.00,-63.03,28.22,20.99,05.00,05.00,05.00,21.98,05.00
06,00081,+3.00,-23.67,42.23,20.81,02.15,02.15,02.15,39.61,05.00
06,00081,+2.00,22.97,-28.08,20.99,04.40,04.40,04.40,56.07,05.00
06,00081,+1.00,72.10,74.46,20.94,00.00,00.00,00.00,00.68,05.00
06,00082,+4.00,-59.94,28.25,20.87,05.00,05.00,05.00,18.89,05.00
06,00082,+3.00,-22.59,39.96,20.80,02.15,02.15,02.15,37.09,05.00
06,00082,+2.00,25.13,-29.25,21.00,04.40,04.40,04.40,53.61,05.00
06,00082,+1.00,73.51,75.67,20.70,00.00,00.00,00.00,00.68,05.00
06,00082,+4.00,-57.14,28.27,20.81,05.00,05.00,05.00,16.09,05.00
06,00082,+3.00,-21.60,37.88,20.84,02.15,02.15,02.15,34.78,05.00
06,00082,+2.00,27.31,-30.43,21.01,04.40,04.40,04.40,51.14,05.00
06,00082,+1.00,74.33,76.37,20.16,00.00,00.00,00.00,00.68,05.00
06,00083,+4.00,-54.62,28.30,20.80,05.00,05.00,05.00,13.58,05.00
06,00083,+3.00,-20.66,35.90,20.90,02.15,02.15,02.15,32.59,05.00
06,00083,+2.00,29.49,-31.61,21.01,04.40,04.40,04.40,48.65,05.00
06,00083,+1.00,74.55,76.56,19.30,00.00,00.00,00.00,00.68,05.00
06,00083,+4.00,-52.31,28.32,20.84,05.00,05.00,05.00,11.27,05.00
06,00083,+3.00,-19.73,33.93,20.97,02.15,02.15,02.15,30.42,05.00
06,00083,+2.00,31.69,-32.81,21.01,04.40,04.40,04.40,46.15,05.00
06,00083,+1.00,74.27,76.32,18.17,00.00,00.00,00.00,00.68,05.00
06,00084,+4.00,-50.12,28.34,20.90,05.00,05.00,05.00,09.08,05.00
06,00084,+3.00,-18.77,31.92,21.02,02.15,02.15,02.15,28.19,05.00
06,00084,+2.00,33.90,-34.00,21.01,04.40,04.40,04.40,43.64,05.00
06,00084,+1.00,73.69,75.82,16.87,00.00,00.00,00.00,00.68,05.00
06,00084,+4.00,-47.95,28.36,20.97,05.00,05.00,05.00,06.90,05.00
06,00084,+3.00,-17.77,29.83,21.06,02.15,02.15,02.15,25.87,05.00
06,00084,+2.00,36.11,-35.20,21.00,04.40,04.40,04.40,41.12,05.00
06,00084,+1.00,73.01,75.23,15.51,00.00,00.00,00.00,00.68,05.00
06,00085,+4.00,-45.72,28.38,21.02,05.00,05.00,05.00,04.68,05.00
06,00085,+3.00,-16.73,27.63,21.07,02.15,02.15,02.15,23.43,05.00
06,00085,+2.00,38.32,-36.40,21.00,04.40,04.40,04.40,38.61,05.00
06,00085,+1.00,72.39,74.71,14.18,00.00,00.00,00.00,00.68,05.00
06,00085,+4.00,-43.40,28.40,21.06,05.00,05.00,05.00,02.35,05.00
06,00085,+3.00,-15.64,25.35,21.07,02.15,02.15,02.15,20.91,05.00
06,00085,+2.00,40.53,-37.59,21.00,04.40,04.40,04.40,36.10,05.00
06,00085,+1.00,71.96,74.33,12.94,00.00,00.00,00.00,00.68,05.00
06,00086,+4.00,-40.97,28.43,21.07,-5.00,-5.00,-5.00,00.08,05.00
06,00086,+3.00,-14.53,23.01,21.05,02.15,02.15,02.15,18.32,05.00
06,00086,+2.00,42.74,-38.79,21.00,04.40,04.40,04.40,33.59,05.00
06,00086,+1.00,71.74,74.15,11.82,00.00,00.00,00.00,00.68,05.00
06,00086,+4.00,-38.65,28.45,21.07,00.00,00.00,00.00,00.08,05.00
06,00086,+3.00,-13.40,20.64,21.03,02.15,02.15,02.15,15.70,05.00
06,00086,+2.00,44.94,-39.98,21.00,04.40,04.40,04.40,31.08,05.00
06,00086,+1.00,71.74,74.14,10.81,00.00,00.00,00.00,00.68,05.00
06,00087,+4.00,-37.17,28.46,21.01,00.00,00.00,00.00,00.08,05.00
06,00087,+3.00,-12.28,18.28,21.00,02.15,02.15,02.15,13.08,05.00
06,00087,+2.00,47.14,-41.17,21.00,04.40,04.40,04.40,28.59,05.00
06,00087,+1.00,71.89,74.27,09.88,00.00,00.00,00.00,00.68,05.00
06,00087,+4.00,-36.69,28.47,20.74,00.00,00.00,00.00,00.08,05.00
06,00087,+3.00,-11.17,15.94,20.99,02.15,02.15,02.15,10.49,05.00
06,00087,+2.00,49.33,-42.36,21.00,04.40,04.40,04.40,26.09,05.00
06,00087,+1.00,72.13,74.48,09.03,00.00,00.00,00.00,00.68,05.00
06,00088,+4.00,-37.05,28.47,20.17,00.00,00.00,00.00,00.08,05.00
06,00088,+3.00,-10.07,13.64,20.98,02.15,02.15,02.15,07.95,05.00
06,00088,+2.00,51.52,-43.55,21.00,04.40,04.40,04.40,23.60,05.00
06,00088,+1.00,72.37,74.69,08.28,00.00,00.00,00.00,00.68,05.00
06,00088,+4.00,-37.96,28.46,19.28,00.00,00.00,00.00,00.08,05.00
06,00088,+3.00,-9.00,11.37,20.97,02.15,02.15,02.15,05.43,05.00
06,00088,+2.00,53.72,-44.74,21.00,04.40,04.40,04.40,21.10,05.00
06,00088,+1.00,72.58,74.86,07.66,00.00,00.00,00.00,00.68,05.00
06,00089,+4.00,-39.08,28.45,18.14,00.00,00.00,00.00,00.08,05.00
06,00089,+3.00,-7.93,09.14,20.98,02.15,02.15,02.15,02.96,05.00
06,00089,+2.00,55.91,-45.93,21.00,04.40,04.40,04.40,18.61,05.00
06,00089,+1.00,72.71,74.97,07.17,00.00,00.00,00.00,00.68,05.00
06,00089,+4.00,-40.12,28.44,16.83,00.00,00.00,00.00,00.08,05.00
06,00089,+3.00,-6.87,06.91,20.99,02.15,02.15,02.15,00.49,05.00
06,00089,+2.00,58.11,-47.12,21.00,04.40,04.40,04.40,16.11,05.00
06,00089,+1.00,72.75,75.02,06.77,00.00,00.00,00.00,00.68,05.00
06,00090,+4.00,-40.89,28.43,15.48,00.00,00.00,00.00,00.08,05.00
06,00090,+3.00,-5.82,04.69,20.99,00.00,00.00,00.00,00.49,05.00
06,00090,+2.00,60.30,-48.31,21.00,04.40,04.40,04.40,13.61,05.00
06,00090,+1.00,72.73,74.99,06.41,00.00,00.00,00.00,00.68,05.00
06,00090,+4.00,-41.29,28.42,14.16,00.00,00.00,00.00,00.08,05.00
06,00090,+3.00,-4.81,02.57,20.96,00.00,00.00,00.00,00.49,05.00
06,00090,+2.00,62.50,-49.50,21.00,04.40,04.40,04.40,11.11,05.00
06,00090,+1.00,72.66,74.93,06.05,00.00,00.00,00.00,00.68,05.00
06,00091,+4.00,-41.33,28.42,12.93,00.00,00.00,00.00,00.08,05.00
06,00091,+3.00,-4.00,00.88,20.72,00.00,00.00,00.00,00.49,05.00
06,00091,+2.00,64.70,-50.69,21.00,04.40,04.40,04.40,08.61,05.00
06,00091,+1.00,72.57,74.86,05.67,00.00,00.00,00.00,00.68,05.00
06,00091,+4.00,-41.11,28.43,11.82,00.00,00.00,00.00,00.08,05.00
06,00091,+3.00,-3.52,-0.13,20.18,00.00,00.00,00.00,00.49,05.00
06,00091,+2.00,66.90,-51.88,21.00,04.40,04.40,04.40,06.10,05.00
06,00091,+1.00,72.48,74.78,05.24,00.00,00.00,00.00,00.68,05.00
06,00092,+4.00,-40.73,28.43,10.82,00.00,00.00,00.00,00.08,05.00
06,00092,+3.00,-3.39,-0.42,19.31,00.00,00.00,00.00,00.49,05.00
06,00092,+2.00,69.10,-53.07,21.00,04.40,04.40,04.40,03.60,05.00
06,00092,+1.00,72.42,74.73,04.76,00.00,00.00,00.00,00.68,05.00
06,00092,+4.00,-40.32,28.43,09.89,00.00,00.00,00.00,00.08,05.00
06,00092,+3.00,-3.52,-0.13,18.17,00.00,00.00,00.00,00.49,05.00
06,00092,+2.00,71.30,-54.26,21.00,04.40,04.40,04.40,01.10,05.00
06,00092,+1.00,72.38,74.70,04.25,00.00,00.00,00.00,00.68,05.00
06,00093,+4.00,-39.97,28.44,09.04,00.00,00.00,00.00,00.08,05.00
06,00093,+3.00,-3.84,00.54,16.87,00.00,00.00,00.00,00.49,05.00
06,00093,+2.00,73.50,-55.46,21.00,00.00,00.00,00.00,01.10,05.00
06,00093,+1.00,72.38,74.69,03.70,00.00,00.00,00.00,00.68,05.00
06,00093,+4.00,-39.74,28.44,08.29,00.00,00.00,00.00,00.08,05.00
06,00093,+3.00,-4.22,01.34,15.50,00.00,00.00,00.00,00.49,05.00
06,00093,+2.00,75.61,-56.60,20.96,00.00,00.00,00.00,01.10,05.00
06,00093,+1.00,72.39,74.70,03.16,00.00,00.00,00.00,00.68,05.00
06,00094,+4.00,-39.65,28.44,07.67,00.00,00.00,00.00,00.08,05.00
06,00094,+3.00,-4.57,02.07,14.17,00.00,00.00,00.00,00.49,05.00
06,00094,+2.00,77.27,-57.50,20.72,00.00,00.00,00.00,01.10,05.00
06,00094,+1.00,72.42,74.73,02.67,00.00,00.00,00.00,00.68,05.00
06,00094,+4.00,-39.67,28.44,07.17,00.00,00.00,00.00,00.08,05.00
06,00094,+3.00,-4.82,02.60,12.93,00.00,00.00,00.00,00.49,05.00
06,00094,+2.00,78.26,-58.04,20.17,00.00,00.00,00.00,01.10,05.00
06,00094,+1.00,72.46,74.76,02.27,00.00,00.00,00.00,00.68,05.00
06,00095,+4.00,-39.78,28.44,06.76,00.00,00.00,00.00,00.08,05.00
06,00095,+3.00,-4.95,02.87,11.81,00.00,00.00,00.00,00.49,05.00
06,00095,+2.00,78.55,-58.19,19.30,00.00,00.00,00.00,01.10,05.00
06,00095,+1.00,72.48,74.78,01.97,00.00,00.00,00.00,00.68,05.00
06,00095,+4.00,-39.93,28.44,06.40,00.00,00.00,00.00,00.08,05.00
06,00095,+3.00,-4.96,02.88,10.80,00.00,00.00,00.00,00.49,05.00
06,00095,+2.00,78.25,-58.03,18.16,00.00,00.00,00.00,01.10,05.00
06,00095,+1.00,72.50,74.80,01.75,00.00,00.00,00.00,00.68,05.00
06,00096,+4.00,-40.08,28.44,06.05,00.00,00.00,00.00,00.08,05.00
06,00096,+3.00,-4.88,02.71,09.88,00.00,00.00,00.00,00.49,05.00
06,00096,+2.00,77.59,-57.67,16.86,00.00,00.00,00.00,01.10,05.00
06,00096,+1.00,72.51,74.81,01.59,00.00,00.00,00.00,00.68,05.00
06,00096,+4.00,-40.19,28.44,05.66,00.00,00.00,00.00,00.08,05.00
06,00096,+3.00,-4.75,02.44,09.03,00.00,00.00,00.00,00.49,05.00
06,00096,+2.00,76.80,-57.24,15.50,00.00,00.00,00.00,01.10,05.00
06,00096,+1.00,72.51,74.81,01.44,00.00,00.00,00.00,00.68,05.00
06,00097,+4.00,-40.25,28.43,05.24,00.00,00.00,00.00,00.08,05.00
06,00097,+3.00,-4.61,02.15,08.28,00.00,00.00,00.00,00.49,05.00
06,00097,+2.00,76.07,-56.85,14.17,00.00,00.00,00.00,01.10,05.00
06,00097,+1.00,72.50,74.80,01.30,00.00,00.00,00.00,00.68,05.00
06,00097,+4.00,-40.27,28.43,04.76,00.00,00.00,00.00,00.08,05.00
06,00097,+3.00,-4.49,01.91,07.67,00.00,00.00,00.00,00.49,05.00
06,00097,+2.00,75.55,-56.57,12.93,00.00,00.00,00.00,01.10,05.00
06,00097,+1.00,72.49,74.79,01.12,00.00,00.00,00.00,00.68,05.00
06,00098,+4.00,-40.25,28.43,04.25,00.00,00.00,00.00,00.08,05.00
06,00098,+3.00,-4.42,01.75,07.17,00.00,00.00,00.00,00.49,05.00
06,00098,+2.00,75.29,-56.43,11.81,00.00,00.00,00.00,01.10,05.00
06,00098,+1.00,72.48,74.78,00.91,00.00,00.00,00.00,00.68,05.00
02,00098,001,+41.74,-73.30
06,00098,+4.00,-40.20,28.44,03.70,00.00,00.00,00.00,00.08,05.00
06,00098,+3.00,-4.39,01.69,06.77,00.00,00.00,00.00,00.49,05.00
06,00098,+2.00,75.28,-56.42,10.81,00.00,00.00,00.00,01.10,05.00
06,00098,+1.00,72.47,74.77,00.68,00.00,00.00,00.00,00.68,05.00
06,00099,+4.00,-40.14,28.44,03.16,00.00,00.00,00.00,00.08,05.00
06,00099,+3.00,-4.40,01.71,06.41,00.00,00.00,00.00,00.49,05.00
06,00099,+2.00,75.44,-56.51,09.89,00.00,00.00,00.00,01.10,05.00
06,00099,+1.00,72.46,74.77,00.47,00.00,00.00,00.00,00.68,05.00
06,00099,+4.00,-40.09,28.44,02.67,00.00,00.00,00.00,00.08,05.00
06,00099,+3.00,-4.44,01.79,06.05,00.00,00.00,00.00,00.49,05.00
06,00099,+2.00,75.72,-56.66,09.03,00.00,00.00,00.00,01.10,05.00
06,00099,+1.00,72.46,74.77,00.34,00.00,00.00,00.00,00.68,05.00
06,00100,+4.00,-40.06,28.44,02.27,00.00,00.00,00.00,00.08,05.00
06,00100,+3.00,-4.49,01.90,05.67,00.00,00.00,00.00,00.49,05.00
06,00100,+2.00,76.00,-56.81,08.28,00.00,00.00,00.00,01.10,05.00
06,00100,+1.00,72.46,74.77,00.39,00.00,00.00,00.00,00.68,05.00
06,00100,+4.00,-40.04,28.44,01.97,00.00,00.00,00.00,00.08,05.00
06,00100,+3.00,-4.54,02.00,05.24,00.00,00.00,00.00,00.49,05.00
06,00100,+2.00,76.24,-56.94,07.67,00.00,00.00,00.00,01.10,05.00
06,00100,+1.00,72.47,74.77,00.67,00.00,00.00,00.00,00.68,05.00
06,00101,+4.00,-40.04,28.44,01.75,00.00,00.00,00.00,00.08,05.00
06,00101,+3.00,-4.57,02.08,04.76,00.00,00.00,00.00,00.49,05.00
06,00101,+2.00,76.40,-57.03,07.17,00.00,00.00,00.00,01.10,05.00
06,00101,+1.00,72.47,74.77,01.15,00.00,00.00,00.00,00.68,05.00
06,00101,+4.00,-40.06,28.44,01.59,00.00,00.00,00.00,00.08,05.00
06,00101,+3.00,-4.59,02.12,04.25,00.00,00.00,00.00,00.49,05.00
06,00101,+2.00,76.46,-57.06,06.77,00.00,00.00,00.00,01.10,05.00
06,00101,+1.00,72.48,74.78,01.80,00.00,00.00,00.00,00.68,05.00
06,00102,+4.00,-40.07,28.44,01.44,00.00,00.00,00.00,00.08,05.00
06,00102,+3.00,-4.60,02.13,03.70,00.00,00.00,00.00,00.49,05.00
06,00102,+2.00,76.43,-57.05,06.41,00.00,00.00,00.00,01.10,05.00
06,00102,+1.00,72.48,74.78,02.53,00.00,00.00,00.00,00.68,05.00
06,00102,+4.00,-40.09,28.44,01.30,00.00,00.00,00.00,00.08,05.00
06,00102,+3.00,-4.59,02.11,03.16,00.00,00.00,00.00,00.49,05.00
06,00102,+2.00,76.35,-57.00,06.05,00.00,00.00,00.00,01.10,05.00
06,00102,+1.00,72.48,74.78,03.28,00.00,00.00,00.00,00.68,05.00
06,00103,+4.00,-40.11,28.44,01.12,00.00,00.00,00.00,00.08,05.00
06,00103,+3.00,-4.57,02.08,02.67,00.00,00.00,00.00,00.49,05.00
06,00103,+2.00,76.25,-56.95,05.67,00.00,00.00,00.00,01.10,05.00
06,00103,+1.00,72.48,74.78,03.99,00.00,00.00,00.00,00.68,05.00
06,00103,+4.00,-40.12,28.44,00.91,00.00,00.00,00.00,00.08,05.00
06,00103,+3.00,-4.56,02.04,02.27,00.00,00.00,00.00,00.49,05.00
06,00103,+2.00,76.15,-56.89,05.24,00.00,00.00,00.00,01.10,05.00
06,00103,+1.00,72.48,74.78,04.63,00.00,00.00,00.00,00.68,05.00
02,00103,004,+41.02,48.90
06,00104,+4.00,-40.12,28.44,00.68,00.00,00.00,00.00,00.08,05.00
06,00104,+3.00,-4.54,02.01,01.97,00.00,00.00,00.00,00.49,05.00
06,00104,+2.00,76.07,-56.85,04.76,00.00,00.00,00.00,01.10,05.00
06,00104,+1.00,72.48,74.78,05.18,00.00,00.00,00.00,00.68,05.00
06,00104,+4.00,-40.12,28.44,00.47,00.00,00.00,00.00,00.08,05.00
06,00104,+3.00,-4.53,01.98,01.75,00.00,00.00,00.00,00.49,05.00
06,00104,+2.00,76.03,-56.83,04.25,00.00,00.00,00.00,01.10,05.00
06,00104,+1.00,72.48,74.78,05.66,00.00,00.00,00.00,00.68,05.00
06,00105,+4.00,-40.12,28.44,00.34,00.00,00.00,00.00,00.08,05.00
06,00105,+3.00,-4.52,01.97,01.59,00.00,00.00,00.00,00.49,05.00
06,00105,+2.00,76.02,-56.82,03.70,00.00,00.00,00.00,01.10,05.00
06,00105,+1.00,72.48,74.78,06.09,00.00,00.00,00.00,00.68,05.00
06,00105,+4.00,-40.11,28.44,00.39,00.00,00.00,00.00,00.08,05.00
06,00105,+3.00,-4.52,01.97,01.44,00.00,00.00,00.00,00.49,05.00
06,00105,+2.00,76.04,-56.83,03.16,00.00,00.00,00.00,01.10,05.00
06,00105,+1.00,72.48,74.78,06.50,00.00,00.00,00.00,00.68,05.00
06,00106,+4.00,-40.10,28.44,00.67,00.00,00.00,00.00,00.08,05.00
06,00106,+3.00,-4.53,01.98,01.30,00.00,00.00,00.00,00.49,05.00
06,00106,+2.00,76.07,-56.85,02.67,00.00,00.00,00.00,01.10,05.00
06,00106,+1.00,72.47,74.78,06.91,00.00,00.00,00.00,00.68,05.00
06,00106,+4.00,-40.10,28.44,01.15,00.00,00.00,00.00,00.08,05.00
06,00106,+3.00,-4.53,01.99,01.12,00.00,00.00,00.00,00.49,05.00
06,00106,+2.00,76.11,-56.87,02.27,00.00,00.00,00.00,01.10,05.00
06,00106,+1.00,72.47,74.78,07.34,00.00,00.00,00.00,00.68,05.00
06,00107,+4.00,-40.09,28.44,01.80,00.00,00.00,00.00,00.08,05.00
06,00107,+3.00,-4.54,02.01,00.91,00.00,00.00,00.00,00.49,05.00
06,00107,+2.00,76.14,-56.89,01.97,00.00,00.00,00.00,01.10,05.00
06,00107,+1.00,72.48,74.78,07.81,00.00,00.00,00.00,00.68,05.00
02,00107,003,+38.06,39.32
06,00107,+4.00,-40.09,28.44,02.54,00.00,00.00,00.00,00.08,05.00
06,00107,+3.00,-4.55,02.02,00.68,00.00,00.00,00.00,00.49,05.00
06,00107,+2.00,76.17,-56.90,01.75,00.00,00.00,00.00,01.10,05.00
06,00107,+1.00,72.48,74.78,08.30,00.00,00.00,00.00,00.68,05.00
06,00108,+4.00,-40.10,28.44,03.28,00.00,00.00,00.00,00.08,05.00
06,00108,+3.00,-4.55,02.03,00.47,00.00,00.00,00.00,00.49,05.00
06,00108,+2.00,76.18,-56.91,01.59,00.00,00.00,00.00,01.10,05.00
06,00108,+1.00,72.48,74.78,08.81,00.00,00.00,00.00,00.68,05.00
06,00108,+4.00,-40.10,28.44,03.99,00.00,00.00,00.00,00.08,05.00
06,00108,+3.00,-4.55,02.03,00.34,00.00,00.00,00.00,00.49,05.00
06,00108,+2.00,76.18,-56.91,01.44,00.00,00.00,00.00,01.10,05.00
06,00108,+1.00,72.48,74.78,09.34,00.00,00.00,00.00,00.68,05.00
06,00109,+4.00,-40.10,28.44,04.63,00.00,00.00,00.00,00.08,05.00
06,00109,+3.00,-4.55,02.03,00.39,00.00,00.00,00.00,00.49,05.00
06,00109,+2.00,76.17,-56.90,01.30,00.00,00.00,00.00,01.10,05.00
06,00109,+1.00,72.48,74.78,09.88,00.00,00.00,00.00,00.68,05.00
06,00109,+4.00,-40.10,28.44,05.18,00.00,00.00,00.00,00.08,05.00
06,00109,+3.00,-4.55,02.02,00.67,00.00,00.00,00.00,00.49,05.00
06,00109,+2.00,76.16,-56.89,01.12,00.00,00.00,00.00,01.10,05.00
06,00109,+1.00,72.48,74.78,10.41,00.00,00.00,00.00,00.68,05.00
06,00110,+4.00,-40.10,28.44,05.66,00.00,00.00,00.00,00.08,05.00
06,00110,+3.00,-4.54,02.02,01.15,00.00,00.00,00.00,00.49,05.00
06,00110,+2.00,76.14,-56.89,00.91,00.00,00.00,00.00,01.10,05.00
06,00110,+1.00,72.48,74.78,10.93,00.00,00.00,00.00,00.68,05.00
02,00110,002,+38.54,-60.07
06,00110,+4.00,-40.11,28.44,06.09,00.00,00.00,00.00,00.08,05.00
06,00110,+3.00,-4.54,02.01,01.80,00.00,00.00,00.00,00.49,05.00
06,00110,+2.00,76.13,-56.88,00.68,00.00,00.00,00.00,01.10,05.00
06,00110,+1.00,72.48,74.78,11.44,00.00,00.00,00.00,00.68,05.00
06,00111,+4.00,-40.11,28.44,06.50,00.00,00.00,00.00,00.08,05.00
06,00111,+3.00,-4.54,02.01,02.53,00.00,00.00,00.00,00.49,05.00
06,00111,+2.00,76.12,-56.88,00.47,00.00,00.00,00.00,01.10,05.00
06,00111,+1.00,72.48,74.78,11.94,00.00,00.00,00.00,00.68,05.00
06,00111,+4.00,-40.10,28.44,06.91,00.00,00.00,00.00,00.08,05.00
06,00111,+3.00,-4.54,02.01,03.28,00.00,00.00,00.00,00.49,05.00
06,00111,+2.00,76.12,-56.88,00.34,00.00,00.00,00.00,01.10,05.00
06,00111,+1.00,72.48,74.78,12.43,00.00,00.00,00.00,00.68,05.00
06,00112,+4.00,-40.10,28.44,07.34,00.00,00.00,00.00,00.08,05.00
06,00112,+3.00,-4.54,02.01,03.99,00.00,00.00,00.00,00.49,05.00
06,00112,+2.00,76.12,-56.88,00.39,00.00,00.00,00.00,01.10,05.00
06,00112,+1.00,72.48,74.78,12.92,00.00,00.00,00.00,00.68,05.00
06,00112,+4.00,-40.10,28.44,07.81,00.00,00.00,00.00,00.08,05.00
06,00112,+3.00,-4.54,02.01,04.63,00.00,00.00,00.00,00.49,05.00
06,00112,+2.00,76.13,-56.88,00.67,00.00,00.00,00.00,01.10,05.00
06,00112,+1.00,72.48,74.78,13.40,00.00,00.00,00.00,00.68,05.00
06,00113,+4.00,-40.10,28.44,08.30,00.00,00.00,00.00,00.08,05.00
06,00113,+3.00,-4.54,02.01,05.18,00.00,00.00,00.00,00.49,05.00
06,00113,+2.00,76.13,-56.88,01.15,00.00,00.00,00.00,01.10,05.00
06,00113,+1.00,72.48,74.78,13.89,00.00,00.00,00.00,00.68,05.00
06,00113,+4.00,-40.10,28.44,08.81,00.00,00.00,00.00,00.08,05.00
06,00113,+3.00,-4.54,02.01,05.66,00.00,00.00,00.00,00.49,05.00
06,00113,+2.00,76.14,-56.88,01.80,00.00,00.00,00.00,01.10,05.00
06,00113,+1.00,72.48,74.78,14.39,00.00,00.00,00.00,00.68,05.00
06,00114,+4.00,-40.10,28.44,09.34,00.00,00.00,00.00,00.08,05.00
06,00114,+3.00,-4.54,02.01,06.09,00.00,00.00,00.00,00.49,05.00
06,00114,+2.00,76.14,-56.89,02.53,00.00,00.00,00.00,01.10,05.00
06,00114,+1.00,72.48,74.78,14.89,00.00,00.00,00.00,00.68,05.00
06,00114,+4.00,-40.10,28.44,09.88,00.00,00.00,00.00,00.08,05.00
06,00114,+3.00,-4.54,02.01,06.50,00.00,00.00,00.00,00.49,05.00
06,00114,+2.00,76.14,-56.89,03.28,00.00,00.00,00.00,01.10,05.00
06,00114,+1.00,72.48,74.78,15.39,00.00,00.00,00.00,00.68,05.00
06,00115,+4.00,-40.10,28.44,10.41,00.00,00.00,00.00,00.08,05.00
06,00115,+3.00,-4.54,02.01,06.91,00.00,00.00,00.00,00.49,05.00
06,00115,+2.00,76.14,-56.89,03.99,00.00,00.00,00.00,01.10,05.00
06,00115,+1.00,72.48,74.78,15.89,00.00,00.00,00.00,00.68,05.00
06,00115,+4.00,-40.10,28.44,10.93,00.00,00.00,00.00,00.08,05.00
06,00115,+3.00,-4.54,02.01,07.34,00.00,00.00,00.00,00.49,05.00
06,00115,+2.00,76.14,-56.89,04.63,00.00,00.00,00.00,01.10,05.00
06,00115,+1.00,72.48,74.78,16.40,00.00,00.00,00.00,00.68,05.00
06,00116,+4.00,-40.10,28.44,11.44,00.00,00.00,00.00,00.08,05.00
06,00116,+3.00,-4.54,02.01,07.81,00.00,00.00,00.00,00.49,05.00
06,00116,+2.00,76.14,-56.89,05.18,00.00,00.00,00.00,01.10,05.00
06,00116,+1.00,72.48,74.78,16.90,00.00,00.00,00.00,00.68,05.00
06,00116,+4.00,-40.10,28.44,11.94,00.00,00.00,00.00,00.08,05.00
06,00116,+3.00,-4.54,02.01,08.30,00.00,00.00,00.00,00.49,05.00
06,00116,+2.00,76.14,-56.88,05.66,00.00,00.00,00.00,01.10,05.00
06,00116,+1.00,72.48,74.78,17.40,00.00,00.00,00.00,00.68,05.00
06,00117,+4.00,-40.10,28.44,12.43,00.00,00.00,00.00,00.08,05.00
06,00117,+3.00,-4.54,02.01,08.81,00.00,00.00,00.00,00.49,05.00
06,00117,+2.00,76.14,-56.88,06.09,00.00,00.00,00.00,01.10,05.00
06,00117,+1.00,72.48,74.78,17.90,00.00,00.00,00.00,00.68,05.00
06,00117,+4.00,-40.10,28.44,12.92,00.00,00.00,00.00,00.08,05.00
06,00117,+3.00,-4.54,02.01,09.34,00.00,00.00,00.00,00.49,05.00
06,00117,+2.00,76.14,-56.88,06.50,00.00,00.00,00.00,01.10,05.00
06,00117,+1.00,72.48,74.78,18.40,00.00,00.00,00.00,00.68,05.00
06,00118,+4.00,-40.10,28.44,13.40,00.00,00.00,00.00,00.08,05.00
06,00118,+3.00,-4.54,02.01,09.88,00.00,00.00,00.00,00.49,05.00
06,00118,+2.00,76.13,-56.88,06.91,00.00,00.00,00.00,01.10,05.00
06,00118,+1.00,72.48,74.78,18.90,00.00,00.00,00.00,00.68,05.00
06,00118,+4.00,-40.10,28.44,13.89,00.00,00.00,00.00,00.08,05.00
06,00118,+3.00,-4.54,02.01,10.41,00.00,00.00,00.00,00.49,05.00
06,00118,+2.00,76.13,-56.88,07.34,00.00,00.00,00.00,01.10,05.00
06,00118,+1.00,72.48,74.78,19.40,00.00,00.00,00.00,00.68,05.00
06,00119,+4.00,-40.10,28.44,14.39,00.00,00.00,00.00,00.08,05.00
06,00119,+3.00,-4.54,02.01,10.93,00.00,00.00,00.00,00.49,05.00
06,00119,+2.00,76.14,-56.88,07.81,00.00,00.00,00.00,01.10,05.00
06,00119,+1.00,72.48,74.78,19.90,00.00,00.00,00.00,00.68,05.00
06,00119,+4.00,-40.10,28.44,14.89,00.00,00.00,00.00,00.08,05.00
06,00119,+3.00,-4.54,02.01,11.44,00.00,00.00,00.00,00.49,05.00
06,00119,+2.00,76.14,-56.88,08.30,00.00,00.00,00.00,01.10,05.00
06,00119,+1.00,72.48,74.78,20.40,-1.02,-1.02,-1.02,151.23,05.00
06,00120,+4.00,-40.10,28.44,15.39,00.00,00.00,00.00,00.08,05.00
06,00120,+3.00,-4.54,02.01,11.94,00.00,00.00,00.00,00.49,05.00
06,00120,+2.00,76.14,-56.88,08.81,00.00,00.00,00.00,01.10,05.00
06,00120,+1.00,72.46,74.67,20.88,-1.02,-1.02,-1.02,151.13,05.00
06,00120,+4.00,-40.10,28.44,15.89,00.00,00.00,00.00,00.08,05.00
06,00120,+3.00,-4.54,02.01,12.43,00.00,00.00,00.00,00.49,05.00
06,00120,+2.00,76.14,-56.88,09.34,00.00,00.00,00.00,01.10,05.00
06,00120,+1.00,72.33,74.08,21.26,-1.02,-1.02,-1.02,150.52,05.00
06,00121,+4.00,-40.10,28.44,16.40,00.00,00.00,00.00,00.08,05.00
06,00121,+3.00,-4.54,02.01,12.92,00.00,00.00,00.00,00.49,05.00
06,00121,+2.00,76.14,-56.88,09.88,00.00,00.00,00.00,01.10,05.00
06,00121,+1.00,72.05,72.74,21.48,-1.02,-1.02,-1.02,149.15,05.00
06,00121,+4.00,-40.10,28.44,16.90,00.00,00.00,00.00,00.08,05.00
06,00121,+3.00,-4.54,02.01,13.40,00.00,00.00,00.00,00.49,05.00
06,00121,+2.00,76.14,-56.88,10.41,00.00,00.00,00.00,01.10,05.00
06,00121,+1.00,71.61,70.61,21.55,-1.02,-1.02,-1.02,146.97,05.00
06,00122,+4.00,-40.10,28.44,17.40,00.00,00.00,00.00,00.08,05.00
06,00122,+3.00,-4.54,02.01,13.89,00.00,00.00,00.00,00.49,05.00
06,00122,+2.00,76.14,-56.88,10.93,00.00,00.00,00.00,01.10,05.00
06,00122,+1.00,71.03,67.83,21.48,-1.02,-1.02,-1.02,144.14,05.00
06,00122,+4.00,-40.10,28.44,17.90,00.00,00.00,00.00,00.08,05.00
06,00122,+3.00,-4.54,02.01,14.39,00.00,00.00,00.00,00.49,05.00
06,00122,+2.00,76.14,-56.88,11.44,00.00,00.00,00.00,01.10,05.00
06,00122,+1.00,70.37,64.65,21.33,-1.02,-1.02,-1.02,140.88,05.00
06,00123,+4.00,-40.10,28.44,18.40,00.00,00.00,00.00,00.08,05.00
06,00123,+3.00,-4.54,02.01,14.89,00.00,00.00,00.00,00.49,05.00
06,00123,+2.00,76.14,-56.88,11.94,00.00,00.00,00.00,01.10,05.00
06,00123,+1.00,69.68,61.31,21.15,-1.02,-1.02,-1.02,137.48,05.00
06,00123,+4.00,-40.10,28.44,18.90,00.00,00.00,00.00,00.08,05.00
06,00123,+3.00,-4.54,02.01,15.39,00.00,00.00,00.00,00.49,05.00
06,00123,+2.00,76.14,-56.88,12.43,00.00,00.00,00.00,01.10,05.00
06,00123,+1.00,69.01,58.06,20.99,-1.02,-1.02,-1.02,134.16,05.00
06,00124,+4.00,-40.10,28.44,19.40,00.00,00.00,00.00,00.08,05.00
06,00124,+3.00,-4.54,02.01,15.89,00.00,00.00,00.00,00.49,05.00
06,00124,+2.00,76.14,-56.88,12.92,00.00,00.00,00.00,01.10,05.00
06,00124,+1.00,68.38,55.03,20.87,-1.02,-1.02,-1.02,131.07,05.00
06,00124,+4.00,-40.10,28.44,19.90,00.00,00.00,00.00,00.08,05.00
06,00124,+3.00,-4.54,02.01,16.40,00.00,00.00,00.00,00.49,05.00
06,00124,+2.00,76.14,-56.88,13.40,00.00,00.00,00.00,01.10,05.00
06,00124,+1.00,67.81,52.29,20.81,-1.02,-1.02,-1.02,128.27,05.00
06,00125,+4.00,-40.10,28.44,20.40,04.85,04.85,04.85,83.66,05.00
06,00125,+3.00,-4.54,02.01,16.90,00.00,00.00,00.00,00.49,05.00
06,00125,+2.00,76.14,-56.88,13.89,00.00,00.00,00.00,01.10,05.00
06,00125,+1.00,67.30,49.83,20.80,-1.02,-1.02,-1.02,125.75,05.00
06,00125,+4.00,-40.00,28.46,20.88,04.85,04.85,04.85,83.56,05.00
06,00125,+3.00,-4.54,02.01,17.40,00.00,00.00,00.00,00.49,05.00
06,00125,+2.00,76.14,-56.88,14.39,00.00,00.00,00.00,01.10,05.00
06,00125,+1.00,66.83,47.57,20.84,-1.02,-1.02,-1.02,123.45,05.00
06,00126,+4.00,-39.41,28.61,21.26,04.85,04.85,04.85,82.95,05.00
06,00126,+3.00,-4.54,02.01,17.90,00.00,00.00,00.00,00.49,05.00
06,00126,+2.00,76.14,-56.88,14.89,00.00,00.00,00.00,01.10,05.00
06,00126,+1.00,66.38,45.42,20.90,-1.02,-1.02,-1.02,121.25,05.00
06,00126,+4.00,-38.08,28.95,21.48,04.85,04.85,04.85,81.58,05.00
06,00126,+3.00,-4.54,02.01,18.40,00.00,00.00,00.00,00.49,05.00
06,00126,+2.00,76.14,-56.88,15.39,00.00,00.00,00.00,01.10,05.00
06,00126,+1.00,65.94,43.30,20.97,-1.02,-1.02,-1.02,119.08,05.00
06,00127,+4.00,-35.97,29.48,21.55,04.85,04.85,04.85,79.40,05.00
06,00127,+3.00,-4.54,02.01,18.90,00.00,00.00,00.00,00.49,05.00
06,00127,+2.00,76.14,-56.88,15.89,00.00,00.00,00.00,01.10,05.00
06,00127,+1.00,65.49,41.12,21.02,-1.02,-1.02,-1.02,116.85,05.00
06,00127,+4.00,-33.22,30.17,21.48,04.85,04.85,04.85,76.57,05.00
06,00127,+3.00,-4.54,02.01,19.40,00.00,00.00,00.00,00.49,05.00
06,00127,+2.00,76.14,-56.88,16.40,00.00,00.00,00.00,01.10,05.00
06,00127,+1.00,65.02,38.84,21.06,-1.02,-1.02,-1.02,114.53,05.00
06,00128,+4.00,-30.07,30.97,21.33,04.85,04.85,04.85,73.31,05.00
06,00128,+3.00,-4.54,02.01,19.90,00.00,00.00,00.00,00.49,05.00
06,00128,+2.00,76.14,-56.88,16.90,00.00,00.00,00.00,01.10,05.00
06,00128,+1.00,64.52,36.46,21.07,-1.02,-1.02,-1.02,112.10,05.00
06,00128,+4.00,-26.77,31.80,21.15,04.85,04.85,04.85,69.91,05.00
06,00128,+3.00,-4.54,02.01,20.40,03.76,03.76,03.76,56.63,05.00
06,00128,+2.00,76.14,-56.88,17.40,00.00,00.00,00.00,01.10,05.00
06,00128,+1.00,64.01,33.99,21.07,-1.02,-1.02,-1.02,109.57,05.00
06,00129,+4.00,-23.55,32.61,20.99,04.85,04.85,04.85,66.59,05.00
06,00129,+3.00,-4.46,02.08,20.88,03.76,03.76,03.76,56.53,05.00
06,00129,+2.00,76.14,-56.88,17.90,00.00,00.00,00.00,01.10,05.00
06,00129,+1.00,63.48,31.45,21.05,-1.02,-1.02,-1.02,106.98,05.00
06,00129,+4.00,-20.55,33.37,20.87,04.85,04.85,04.85,63.50,05.00
06,00129,+3.00,-4.01,02.48,21.26,03.76,03.76,03.76,55.92,05.00
06,00129,+2.00,76.14,-56.88,18.40,00.00,00.00,00.00,01.10,05.00
06,00129,+1.00,62.95,28.88,21.03,-1.02,-1.02,-1.02,104.36,05.00
06,00130,+4.00,-17.84,34.05,20.81,04.85,04.85,04.85,60.70,05.00
06,00130,+3.00,-2.98,03.38,21.48,03.76,03.76,03.76,54.55,05.00
06,00130,+2.00,76.14,-56.88,18.90,00.00,00.00,00.00,01.10,05.00
06,00130,+1.00,62.42,26.32,21.00,-1.02,-1.02,-1.02,101.75,05.00
06,00130,+4.00,-15.40,34.67,20.80,04.85,04.85,04.85,58.18,05.00
06,00130,+3.00,-1.34,04.82,21.55,03.76,03.76,03.76,52.37,05.00
06,00130,+2.00,76.14,-56.88,19.40,00.00,00.00,00.00,01.10,05.00
06,00130,+1.00,61.89,23.79,20.99,-1.02,-1.02,-1.02,99.16,05.00
06,00131,+4.00,-13.16,35.23,20.84,04.85,04.85,04.85,55.87,05.00
06,00131,+3.00,00.79,06.69,21.48,03.76,03.76,03.76,49.54,05.00
06,00131,+2.00,76.14,-56.88,19.90,00.00,00.00,00.00,01.10,05.00
06,00131,+1.00,61.37,21.29,20.98,-1.02,-1.02,-1.02,96.61,05.00
06,00131,+4.00,-11.03,35.77,20.90,04.85,04.85,04.85,53.68,05.00
06,00131,+3.00,03.24,08.83,21.33,03.76,03.76,03.76,46.28,05.00
06,00131,+2.00,76.14,-56.88,20.40,-4.98,-4.98,-4.98,37.73,05.00
06,00131,+1.00,60.86,18.84,20.97,-1.02,-1.02,-1.02,94.10,05.00
06,00132,+4.00,-8.93,36.30,20.97,04.85,04.85,04.85,51.51,05.00
06,00132,+3.00,05.80,11.07,21.15,03.76,03.76,03.76,42.88,05.00
06,00132,+2.00,76.03,-56.89,20.88,-4.98,-4.98,-4.98,37.63,05.00
06,00132,+1.00,60.36,16.41,20.98,-1.02,-1.02,-1.02,91.62,05.00
06,00132,+4.00,-6.77,36.85,21.02,04.85,04.85,04.85,49.28,05.00
06,00132,+3.00,08.30,13.26,20.99,03.76,03.76,03.76,39.56,05.00
06,00132,+2.00,75.43,-56.94,21.26,-4.98,-4.98,-4.98,37.02,05.00
06,00132,+1.00,59.86,14.00,20.99,-1.02,-1.02,-1.02,89.16,05.00
06,00133,+4.00,-4.52,37.42,21.06,04.85,04.85,04.85,46.96,05.00
06,00133,+3.00,10.63,15.30,20.87,03.76,03.76,03.76,36.47,05.00
06,00133,+2.00,74.06,-57.06,21.48,-4.98,-4.98,-4.98,35.65,05.00
06,00133,+1.00,59.36,11.59,20.99,-1.02,-1.02,-1.02,86.70,05.00
06,00133,+4.00,-2.16,38.01,21.07,04.85,04.85,04.85,44.53,05.00
06,00133,+3.00,12.73,17.14,20.81,03.76,03.76,03.76,33.67,05.00
06,00133,+2.00,71.89,-57.24,21.55,-4.98,-4.98,-4.98,33.47,05.00
06,00133,+1.00,58.86,09.18,21.00,-1.02,-1.02,-1.02,84.24,05.00
06,00134,+4.00,00.29,38.63,21.07,04.85,04.85,04.85,42.00,05.00
06,00134,+3.00,14.63,18.80,20.80,03.76,03.76,03.76,31.15,05.00
06,00134,+2.00,69.07,-57.48,21.48,-4.98,-4.98,-4.98,30.64,05.00
06,00134,+1.00,58.36,06.76,21.01,-1.02,-1.02,-1.02,81.77,05.00
06,00134,+4.00,02.80,39.26,21.05,04.85,04.85,04.85,39.41,05.00
06,00134,+3.00,16.36,20.32,20.84,03.76,03.76,03.76,28.84,05.00
06,00134,+2.00,65.83,-57.76,21.33,-4.98,-4.98,-4.98,27.38,05.00
06,00134,+1.00,57.85,04.33,21.01,-1.02,-1.02,-1.02,79.28,05.00
06,00135,+4.00,05.34,39.90,21.03,04.85,04.85,04.85,36.79,05.00
06,00135,+3.00,18.01,21.76,20.90,03.76,03.76,03.76,26.65,05.00
06,00135,+2.00,62.44,-58.05,21.15,-4.98,-4.98,-4.98,23.98,05.00
06,00135,+1.00,57.34,01.88,21.01,-1.02,-1.02,-1.02,76.78,05.00
06,00135,+4.00,07.88,40.54,21.00,04.85,04.85,04.85,34.17,05.00
06,00135,+3.00,19.65,23.19,20.97,03.76,03.76,03.76,24.48,05.00
06,00135,+2.00,59.12,-58.33,20.99,-4.98,-4.98,-4.98,20.66,05.00
06,00135,+1.00,56.83,-0.58,21.01,-1.02,-1.02,-1.02,74.27,05.00
06,00136,+4.00,10.39,41.18,20.99,04.85,04.85,04.85,31.59,05.00
06,00136,+3.00,21.32,24.66,21.02,03.76,03.76,03.76,22.25,05.00
06,00136,+2.00,56.04,-58.59,20.87,-4.98,-4.98,-4.98,17.56,05.00
06,00136,+1.00,56.32,-3.04,21.00,-1.02,-1.02,-1.02,71.75,05.00
06,00136,+4.00,12.86,41.80,20.98,04.85,04.85,04.85,29.04,05.00
06,00136,+3.00,23.07,26.19,21.06,03.76,03.76,03.76,19.93,05.00
06,00136,+2.00,53.26,-58.82,20.81,-4.98,-4.98,-4.98,14.77,05.00
06,00136,+1.00,55.81,-5.51,21.00,-1.02,-1.02,-1.02,69.24,05.00
06,00137,+4.00,15.29,42.41,20.97,04.85,04.85,04.85,26.53,05.00
06,00137,+3.00,24.90,27.79,21.07,03.76,03.76,03.76,17.50,05.00
06,00137,+2.00,50.75,-59.04,20.80,-4.98,-4.98,-4.98,12.25,05.00
06,00137,+1.00,55.30,-7.97,21.00,-1.02,-1.02,-1.02,66.72,05.00
06,00137,+4.00,17.70,43.02,20.98,04.85,04.85,04.85,24.05,05.00
06,00137,+3.00,26.80,29.46,21.07,03.76,03.76,03.76,14.97,05.00
06,00137,+2.00,48.45,-59.23,20.84,-4.98,-4.98,-4.98,09.94,05.00
06,00137,+1.00,54.79,-10.42,21.00,-1.02,-1.02,-1.02,64.22,05.00
06,00138,+4.00,20.09,43.62,20.99,04.85,04.85,04.85,21.59,05.00
06,00138,+3.00,28.75,31.17,21.05,03.76,03.76,03.76,12.38,05.00
06,00138,+2.00,46.26,-59.42,20.90,-4.98,-4.98,-4.98,07.75,05.00
06,00138,+1.00,54.28,-12.87,21.00,-1.02,-1.02,-1.02,61.71,05.00
06,00138,+4.00,22.47,44.22,20.99,04.85,04.85,04.85,19.13,05.00
06,00138,+3.00,30.72,32.89,21.03,03.76,03.76,03.76,09.76,05.00
06,00138,+2.00,44.10,-59.60,20.97,-4.98,-4.98,-4.98,05.58,05.00
06,00138,+1.00,53.77,-15.32,21.00,-1.02,-1.02,-1.02,59.22,05.00
06,00139,+4.00,24.85,44.83,21.00,04.85,04.85,04.85,16.67,05.00
06,00139,+3.00,32.69,34.62,21.00,03.76,03.76,03.76,07.15,05.00
07,00139,+3.00,+4.00,00049,50.88
06,00139,+2.00,41.88,-59.79,21.02,-4.98,-4.98,-4.98,03.35,05.00
06,00139,+1.00,53.27,-17.76,21.00,-1.02,-1.02,-1.02,56.72,05.00
06,00139,+4.00,27.25,45.43,21.01,04.85,04.85,04.85,14.20,05.00
06,00139,+3.00,34.63,36.32,20.99,03.76,03.76,03.76,04.56,05.00
07,00139,+3.00,+4.00,00049,51.04
06,00139,+2.00,39.57,-59.99,21.06,-4.98,-4.98,-4.98,01.03,05.00
06,00139,+1.00,52.76,-20.20,21.00,-1.02,-1.02,-1.02,54.23,05.00
06,00140,+4.00,29.66,46.04,21.01,04.85,04.85,04.85,11.71,05.00
06,00140,+3.00,36.55,38.00,20.98,03.76,03.76,03.76,02.01,05.00
07,00140,+3.00,+4.00,00050,51.11
06,00140,+2.00,37.14,-60.19,21.07,00.00,00.00,00.00,01.03,05.00
06,00140,+1.00,52.25,-22.65,21.00,-1.02,-1.02,-1.02,51.73,05.00
06,00140,+4.00,32.09,46.65,21.01,04.85,04.85,04.85,09.21,05.00
06,00140,+3.00,38.44,39.65,20.97,-3.76,-3.76,-3.76,00.50,05.00
06,00140,+2.00,34.73,-60.40,21.03,00.00,00.00,00.00,01.03,05.00
06,00140,+1.00,51.75,-25.09,21.00,-1.02,-1.02,-1.02,49.24,05.00
06,00141,+4.00,34.52,47.27,21.01,04.85,04.85,04.85,06.70,05.00
06,00141,+3.00,40.15,41.15,20.98,00.00,00.00,00.00,00.50,05.00
06,00141,+2.00,32.75,-60.56,20.77,00.00,00.00,00.00,01.03,05.00
06,00141,+1.00,51.24,-27.54,21.00,-1.02,-1.02,-1.02,46.74,05.00
06,00141,+4.00,36.96,47.88,21.00,04.85,04.85,04.85,04.18,05.00
06,00141,+3.00,41.17,42.04,20.94,00.00,00.00,00.00,00.50,05.00
06,00141,+2.00,31.51,-60.67,20.19,00.00,00.00,00.00,01.03,05.00
06,00141,+1.00,50.73,-29.98,21.00,-1.02,-1.02,-1.02,44.24,05.00
06,00142,+4.00,39.40,48.50,21.00,04.85,04.85,04.85,01.67,05.00
06,00142,+3.00,41.40,42.25,20.71,00.00,00.00,00.00,00.50,05.00
06,00142,+2.00,31.07,-60.71,19.30,00.00,00.00,00.00,01.03,05.00
06,00142,+1.00,50.22,-32.43,21.00,-1.02,-1.02,-1.02,41.74,05.00
06,00142,+4.00,41.84,49.11,21.00,00.00,00.00,00.00,01.67,05.00
06,00142,+3.00,41.02,41.91,20.17,00.00,00.00,00.00,00.50,05.00
06,00142,+2.00,31.32,-60.69,18.15,00.00,00.00,00.00,01.03,05.00
06,00142,+1.00,49.71,-34.88,21.00,-1.02,-1.02,-1.02,39.24,05.00
06,00143,+4.00,44.17,49.70,20.96,00.00,00.00,00.00,01.67,05.00
06,00143,+3.00,40.25,41.23,19.30,00.00,00.00,00.00,00.50,05.00
06,00143,+2.00,32.02,-60.63,16.84,00.00,00.00,00.00,01.03,05.00
06,00143,+1.00,49.20,-37.33,21.00,-1.02,-1.02,-1.02,36.73,05.00
06,00143,+4.00,46.01,50.16,20.71,00.00,00.00,00.00,01.67,05.00
06,00143,+3.00,39.36,40.46,18.17,00.00,00.00,00.00,00.50,05.00
06,00143,+2.00,32.91,-60.55,15.47,00.00,00.00,00.00,01.03,05.00
06,00143,+1.00,48.70,-39.78,21.00,-1.02,-1.02,-1.02,34.23,05.00
06,00144,+4.00,47.10,50.44,20.16,00.00,00.00,00.00,01.67,05.00
06,00144,+3.00,38.56,39.76,16.87,00.00,00.00,00.00,00.50,05.00
06,00144,+2.00,33.75,-60.48,14.15,00.00,00.00,00.00,01.03,05.00
06,00144,+1.00,48.19,-42.23,21.00,-1.02,-1.02,-1.02,31.73,05.00
06,00144,+4.00,47.41,50.52,19.29,00.00,00.00,00.00,01.67,05.00
06,00144,+3.00,38.01,39.28,15.51,00.00,00.00,00.00,00.50,05.00
06,00144,+2.00,34.38,-60.43,12.92,00.00,00.00,00.00,01.03,05.00
06,00144,+1.00,47.68,-44.68,21.00,-1.02,-1.02,-1.02,29.23,05.00
06,00145,+4.00,47.08,50.43,18.16,00.00,00.00,00.00,01.67,05.00
06,00145,+3.00,37.75,39.05,14.17,00.00,00.00,00.00,00.50,05.00
06,00145,+2.00,34.72,-60.40,11.81,00.00,00.00,00.00,01.03,05.00
06,00145,+1.00,47.17,-47.13,21.00,-1.02,-1.02,-1.02,26.73,05.00
06,00145,+4.00,46.34,50.25,16.86,00.00,00.00,00.00,01.67,05.00
06,00145,+3.00,37.76,39.06,12.93,00.00,00.00,00.00,00.50,05.00
06,00145,+2.00,34.77,-60.39,10.81,00.00,00.00,00.00,01.03,05.00
06,00145,+1.00,46.66,-49.57,21.00,-1.02,-1.02,-1.02,24.23,05.00
06,00146,+4.00,45.46,50.03,15.50,00.00,00.00,00.00,01.67,05.00
06,00146,+3.00,37.97,39.24,11.81,00.00,00.00,00.00,00.50,05.00
06,00146,+2.00,34.61,-60.41,09.89,00.00,00.00,00.00,01.03,05.00
06,00146,+1.00,46.16,-52.02,21.00,-1.02,-1.02,-1.02,21.73,05.00
06,00146,+4.00,44.66,49.82,14.17,00.00,00.00,00.00,01.67,05.00
06,00146,+3.00,38.28,39.51,10.80,00.00,00.00,00.00,00.50,05.00
06,00146,+2.00,34.31,-60.43,09.04,00.00,00.00,00.00,01.03,05.00
06,00146,+1.00,45.65,-54.47,21.00,-1.02,-1.02,-1.02,19.23,05.00
06,00147,+4.00,44.09,49.68,12.93,00.00,00.00,00.00,01.67,05.00
06,00147,+3.00,38.60,39.79,09.88,00.00,00.00,00.00,00.50,05.00
06,00147,+2.00,33.99,-60.46,08.29,00.00,00.00,00.00,01.03,05.00
06,00147,+1.00,45.14,-56.92,21.00,-1.02,-1.02,-1.02,16.73,05.00
06,00147,+4.00,43.80,49.61,11.82,00.00,00.00,00.00,01.67,05.00
06,00147,+3.00,38.86,40.02,09.03,00.00,00.00,00.00,00.50,05.00
06,00147,+2.00,33.70,-60.48,07.67,00.00,00.00,00.00,01.03,05.00
06,00147,+1.00,44.63,-59.36,21.00,-1.02,-1.02,-1.02,14.23,05.00
06,00148,+4.00,43.78,49.60,10.81,00.00,00.00,00.00,01.67,05.00
06,00148,+3.00,39.02,40.16,08.28,00.00,00.00,00.00,00.50,05.00
06,00148,+2.00,33.51,-60.50,07.18,00.00,00.00,00.00,01.03,05.00
06,00148,+1.00,44.12,-61.81,21.00,-1.02,-1.02,-1.02,11.73,05.00
06,00148,+4.00,43.97,49.65,09.89,00.00,00.00,00.00,01.67,05.00
06,00148,+3.00,39.08,40.21,07.66,00.00,00.00,00.00,00.50,05.00
06,00148,+2.00,33.43,-60.51,06.77,00.00,00.00,00.00,01.03,05.00
06,00148,+1.00,43.62,-64.26,21.00,-1.02,-1.02,-1.02,09.23,05.00
06,00149,+4.00,44.27,49.73,09.03,00.00,00.00,00.00,01.67,05.00
06,00149,+3.00,39.04,40.18,07.17,00.00,00.00,00.00,00.50,05.00
06,00149,+2.00,33.44,-60.50,06.40,00.00,00.00,00.00,01.03,05.00
06,00149,+1.00,43.11,-66.71,21.00,-1.02,-1.02,-1.02,06.73,05.00
06,00149,+4.00,44.59,49.81,08.28,00.00,00.00,00.00,01.67,05.00
06,00149,+3.00,38.95,40.10,06.77,00.00,00.00,00.00,00.50,05.00
06,00149,+2.00,33.53,-60.50,06.05,00.00,00.00,00.00,01.03,05.00
06,00149,+1.00,42.60,-69.15,21.00,-1.02,-1.02,-1.02,04.23,05.00
06,00150,+4.00,44.86,49.87,07.66,00.00,00.00,00.00,01.67,05.00
06,00150,+3.00,38.83,39.99,06.41,00.00,00.00,00.00,00.50,05.00
06,00150,+2.00,33.64,-60.49,05.66,00.00,00.00,00.00,01.03,05.00
06,00150,+1.00,42.09,-71.60,21.00,-1.02,-1.02,-1.02,01.73,05.00
06,00150,+4.00,45.03,49.92,07.17,00.00,00.00,00.00,01.67,05.00
06,00150,+3.00,38.72,39.90,06.05,00.00,00.00,00.00,00.50,05.00
06,00150,+2.00,33.76,-60.48,05.24,00.00,00.00,00.00,01.03,05.00
06,00150,+1.00,41.58,-74.05,21.00,00.00,00.00,00.00,01.73,05.00
06,00151,+4.00,45.09,49.93,06.76,00.00,00.00,00.00,01.67,05.00
06,00151,+3.00,38.63,39.82,05.67,00.00,00.00,00.00,00.50,05.00
06,00151,+2.00,33.85,-60.47,04.76,00.00,00.00,00.00,01.03,05.00
06,00151,+1.00,41.10,-76.40,20.96,00.00,00.00,00.00,01.73,05.00
06,00151,+4.00,45.07,49.93,06.40,00.00,00.00,00.00,01.67,05.00
06,00151,+3.00,38.59,39.79,05.24,00.00,00.00,00.00,00.50,05.00
06,00151,+2.00,33.91,-60.47,04.25,00.00,00.00,00.00,01.03,05.00
06,00151,+1.00,40.71,-78.25,20.72,00.00,00.00,00.00,01.73,05.00
06,00152,+4.00,44.98,49.90,06.05,00.00,00.00,00.00,01.67,05.00
06,00152,+3.00,38.58,39.78,04.76,00.00,00.00,00.00,00.50,05.00
06,00152,+2.00,33.92,-60.46,03.70,00.00,00.00,00.00,01.03,05.00
06,00152,+1.00,40.48,-79.36,20.17,00.00,00.00,00.00,01.73,05.00
06,00152,+4.00,44.86,49.88,05.67,00.00,00.00,00.00,01.67,05.00
06,00152,+3.00,38.61,39.80,04.25,00.00,00.00,00.00,00.50,05.00
06,00152,+2.00,33.91,-60.47,03.16,00.00,00.00,00.00,01.03,05.00
06,00152,+1.00,40.42,-79.67,19.30,00.00,00.00,00.00,01.73,05.00
06,00153,+4.00,44.75,49.85,05.24,00.00,00.00,00.00,01.67,05.00
06,00153,+3.00,38.65,39.83,03.70,00.00,00.00,00.00,00.50,05.00
06,00153,+2.00,33.87,-60.47,02.67,00.00,00.00,00.00,01.03,05.00
06,00153,+1.00,40.48,-79.34,18.16,00.00,00.00,00.00,01.73,05.00
06,00153,+4.00,44.67,49.83,04.76,00.00,00.00,00.00,01.67,05.00
06,00153,+3.00,38.69,39.87,03.16,00.00,00.00,00.00,00.50,05.00
06,00153,+2.00,33.83,-60.47,02.27,00.00,00.00,00.00,01.03,05.00
06,00153,+1.00,40.64,-78.61,16.86,00.00,00.00,00.00,01.73,05.00
06,00154,+4.00,44.62,49.81,04.25,00.00,00.00,00.00,01.67,05.00
06,00154,+3.00,38.73,39.91,02.67,00.00,00.00,00.00,00.50,05.00
06,00154,+2.00,33.79,-60.48,01.97,00.00,00.00,00.00,01.03,05.00
06,00154,+1.00,40.82,-77.72,15.50,00.00,00.00,00.00,01.73,05.00
06,00154,+4.00,44.61,49.81,03.70,00.00,00.00,00.00,01.67,05.00
06,00154,+3.00,38.75,39.93,02.27,00.00,00.00,00.00,00.50,05.00
06,00154,+2.00,33.76,-60.48,01.75,00.00,00.00,00.00,01.03,05.00
06,00154,+1.00,40.99,-76.92,14.17,00.00,00.00,00.00,01.73,05.00
06,00155,+4.00,44.63,49.82,03.16,00.00,00.00,00.00,01.67,05.00
06,00155,+3.00,38.76,39.94,01.97,00.00,00.00,00.00,00.50,05.00
06,00155,+2.00,33.74,-60.48,01.59,00.00,00.00,00.00,01.03,05.00
06,00155,+1.00,41.11,-76.34,12.93,00.00,00.00,00.00,01.73,05.00
06,00155,+4.00,44.67,49.83,02.67,00.00,00.00,00.00,01.67,05.00
06,00155,+3.00,38.76,39.93,01.75,00.00,00.00,00.00,00.50,05.00
06,00155,+2.00,33.74,-60.48,01.44,00.00,00.00,00.00,01.03,05.00
06,00155,+1.00,41.17,-76.04,11.81,00.00,00.00,00.00,01.73,05.00
06,00156,+4.00,44.71,49.84,02.27,00.00,00.00,00.00,01.67,05.00
06,00156,+3.00,38.75,39.92,01.59,00.00,00.00,00.00,00.50,05.00
06,00156,+2.00,33.75,-60.48,01.30,00.00,00.00,00.00,01.03,05.00
06,00156,+1.00,41.17,-76.03,10.81,00.00,00.00,00.00,01.73,05.00
06,00156,+4.00,44.75,49.85,01.97,00.00,00.00,00.00,01.67,05.00
06,00156,+3.00,38.73,39.91,01.44,00.00,00.00,00.00,00.50,05.00
06,00156,+2.00,33.77,-60.48,01.12,00.00,00.00,00.00,01.03,05.00
06,00156,+1.00,41.13,-76.22,09.89,00.00,00.00,00.00,01.73,05.00
06,00157,+4.00,44.77,49.85,01.75,00.00,00.00,00.00,01.67,05.00
06,00157,+3.00,38.72,39.90,01.30,00.00,00.00,00.00,00.50,05.00
06,00157,+2.00,33.78,-60.48,00.91,00.00,00.00,00.00,01.03,05.00
06,00157,+1.00,41.07,-76.52,09.03,00.00,00.00,00.00,01.73,05.00
02,00157,002,-62.33,03.96
06,00157,+4.00,44.79,49.86,01.59,00.00,00.00,00.00,01.67,05.00
06,00157,+3.00,38.71,39.89,01.12,00.00,00.00,00.00,00.50,05.00
06,00157,+2.00,33.79,-60.48,00.68,00.00,00.00,00.00,01.03,05.00
06,00157,+1.00,41.00,-76.84,08.28,00.00,00.00,00.00,01.73,05.00
06,00158,+4.00,44.78,49.86,01.44,00.00,00.00,00.00,01.67,05.00
06,00158,+3.00,38.70,39.88,00.91,00.00,00.00,00.00,00.50,05.00
06,00158,+2.00,33.80,-60.47,00.47,00.00,00.00,00.00,01.03,05.00
06,00158,+1.00,40.95,-77.11,07.67,00.00,00.00,00.00,01.73,05.00
02,00158,003,+28.72,-27.55
06,00158,+4.00,44.77,49.85,01.30,00.00,00.00,00.00,01.67,05.00
06,00158,+3.00,38.70,39.88,00.68,00.00,00.00,00.00,00.50,05.00
06,00158,+2.00,33.81,-60.47,00.34,00.00,00.00,00.00,01.03,05.00
06,00158,+1.00,40.91,-77.28,07.17,00.00,00.00,00.00,01.73,05.00
06,00159,+4.00,44.76,49.85,01.12,00.00,00.00,00.00,01.67,05.00
06,00159,+3.00,38.70,39.88,00.47,00.00,00.00,00.00,00.50,05.00
06,00159,+2.00,33.81,-60.47,00.39,00.00,00.00,00.00,01.03,05.00
06,00159,+1.00,40.90,-77.35,06.77,00.00,00.00,00.00,01.73,05.00
06,00159,+4.00,44.74,49.85,00.91,00.00,00.00,00.00,01.67,05.00
06,00159,+3.00,38.70,39.89,00.34,00.00,00.00,00.00,00.50,05.00
06,00159,+2.00,33.80,-60.47,00.67,00.00,00.00,00.00,01.03,05.00
06,00159,+1.00,40.90,-77.32,06.41,00.00,00.00,00.00,01.73,05.00
02,00159,004,-5.81,07.35
06,00160,+4.00,44.73,49.84,00.68,00.00,00.00,00.00,01.67,05.00
06,00160,+3.00,38.71,39.89,00.39,00.00,00.00,00.00,00.50,05.00
06,00160,+2.00,33.80,-60.48,01.15,00.00,00.00,00.00,01.03,05.00
06,00160,+1.00,40.92,-77.23,06.05,00.00,00.00,00.00,01.73,05.00
06,00160,+4.00,44.72,49.84,00.47,00.00,00.00,00.00,01.67,05.00
06,00160,+3.00,38.72,39.90,00.67,00.00,00.00,00.00,00.50,05.00
06,00160,+2.00,33.79,-60.48,01.80,00.00,00.00,00.00,01.03,05.00
06,00160,+1.00,40.95,-77.11,05.67,00.00,00.00,00.00,01.73,05.00
06,00161,+4.00,44.72,49.84,00.34,00.00,00.00,00.00,01.67,05.00
06,00161,+3.00,38.72,39.90,01.15,00.00,00.00,00.00,00.50,05.00
06,00161,+2.00,33.79,-60.48,02.54,00.00,00.00,00.00,01.03,05.00
06,00161,+1.00,40.97,-77.00,05.24,00.00,00.00,00.00,01.73,05.00
06,00161,+4.00,44.72,49.84,00.39,00.00,00.00,00.00,01.67,05.00
06,00161,+3.00,38.72,39.90,01.80,00.00,00.00,00.00,00.50,05.00
06,00161,+2.00,33.78,-60.48,03.28,00.00,00.00,00.00,01.03,05.00
06,00161,+1.00,40.99,-76.92,04.76,00.00,00.00,00.00,01.73,05.00
06,00162,+4.00,44.73,49.84,00.67,00.00,00.00,00.00,01.67,05.00
06,00162,+3.00,38.72,39.90,02.53,00.00,00.00,00.00,00.50,05.00
06,00162,+2.00,33.78,-60.48,03.99,00.00,00.00,00.00,01.03,05.00
06,00162,+1.00,41.00,-76.87,04.25,00.00,00.00,00.00,01.73,05.00
06,00162,+4.00,44.73,49.84,01.15,00.00,00.00,00.00,01.67,05.00
06,00162,+3.00,38.72,39.90,03.28,00.00,00.00,00.00,00.50,05.00
06,00162,+2.00,33.78,-60.48,04.63,00.00,00.00,00.00,01.03,05.00
06,00162,+1.00,41.00,-76.86,03.70,00.00,00.00,00.00,01.73,05.00
06,00163,+4.00,44.74,49.84,01.80,00.00,00.00,00.00,01.67,05.00
06,00163,+3.00,38.72,39.90,03.99,00.00,00.00,00.00,00.50,05.00
06,00163,+2.00,33.79,-60.48,05.18,00.00,00.00,00.00,01.03,05.00
06,00163,+1.00,41.00,-76.88,03.16,00.00,00.00,00.00,01.73,05.00
06,00163,+4.00,44.74,49.84,02.53,00.00,00.00,00.00,01.67,05.00
06,00163,+3.00,38.72,39.90,04.63,00.00,00.00,00.00,00.50,05.00
06,00163,+2.00,33.79,-60.48,05.66,00.00,00.00,00.00,01.03,05.00
06,00163,+1.00,40.99,-76.91,02.67,00.00,00.00,00.00,01.73,05.00
06,00164,+4.00,44.74,49.85,03.28,00.00,00.00,00.00,01.67,05.00
06,00164,+3.00,38.71,39.89,05.18,00.00,00.00,00.00,00.50,05.00
06,00164,+2.00,33.79,-60.48,06.09,00.00,00.00,00.00,01.03,05.00
06,00164,+1.00,40.98,-76.96,02.27,00.00,00.00,00.00,01.73,05.00
06,00164,+4.00,44.74,49.85,03.99,00.00,00.00,00.00,01.67,05.00
06,00164,+3.00,38.71,39.89,05.66,00.00,00.00,00.00,00.50,05.00
06,00164,+2.00,33.79,-60.48,06.50,00.00,00.00,00.00,01.03,05.00
06,00164,+1.00,40.97,-77.00,01.97,00.00,00.00,00.00,01.73,05.00
06,00165,+4.00,44.74,49.85,04.63,00.00,00.00,00.00,01.67,05.00
06,00165,+3.00,38.71,39.89,06.09,00.00,00.00,00.00,00.50,05.00
06,00165,+2.00,33.79,-60.48,06.91,00.00,00.00,00.00,01.03,05.00
06,00165,+1.00,40.97,-77.02,01.75,00.00,00.00,00.00,01.73,05.00
06,00165,+4.00,44.74,49.84,05.18,00.00,00.00,00.00,01.67,05.00
06,00165,+3.00,38.71,39.89,06.50,00.00,00.00,00.00,00.50,05.00
06,00165,+2.00,33.79,-60.48,07.34,00.00,00.00,00.00,01.03,05.00
06,00165,+1.00,40.96,-77.03,01.59,00.00,00.00,00.00,01.73,05.00
06,00166,+4.00,44.74,49.84,05.66,00.00,00.00,00.00,01.67,05.00
06,00166,+3.00,38.71,39.89,06.91,00.00,00.00,00.00,00.50,05.00
06,00166,+2.00,33.79,-60.48,07.81,00.00,00.00,00.00,01.03,05.00
06,00166,+1.00,40.96,-77.03,01.44,00.00,00.00,00.00,01.73,05.00
06,00166,+4.00,44.74,49.84,06.09,00.00,00.00,00.00,01.67,05.00
06,00166,+3.00,38.71,39.89,07.34,00.00,00.00,00.00,00.50,05.00
06,00166,+2.00,33.79,-60.48,08.30,00.00,00.00,00.00,01.03,05.00
06,00166,+1.00,40.97,-77.02,01.30,00.00,00.00,00.00,01.73,05.00
06,00167,+4.00,44.74,49.84,06.50,00.00,00.00,00.00,01.67,05.00
06,00167,+3.00,38.72,39.89,07.81,00.00,00.00,00.00,00.50,05.00
06,00167,+2.00,33.79,-60.48,08.81,00.00,00.00,00.00,01.03,05.00
06,00167,+1.00,40.97,-77.01,01.12,00.00,00.00,00.00,01.73,05.00
